Name,Generation,Type1,Height,Weight,Color,Category,HP,Attack,Defense,SP_Attack,SP_Defense,Speed
Bulbasaur,1,Grass,0.7,6.9,Green,Ordinary,45.0,49,49,65,65,45
Ivysaur,1,Grass,1.0,13.0,Green,Ordinary,60.0,62,63,80,80,60
Venusaur,1,Grass,2.0,100.0,Green,Ordinary,80.0,82,83,100,100,80
Mega Venusaur,1,Grass,2.4,155.5,Green,Ordinary,80.0,100,123,122,120,80
Charmander,1,Fire,0.6,8.5,Red,Ordinary,39.0,52,43,60,50,65
Charmeleon,1,Fire,1.1,19.0,Red,Ordinary,58.0,64,58,80,65,80
Charizard,1,Fire,1.7,90.5,Red,Ordinary,78.0,84,78,109,85,100
Mega Charizard X,1,Fire,1.7,110.5,Black,Ordinary,78.0,130,111,130,85,100
Mega Charizard Y,1,Fire,1.7,100.5,Red,Ordinary,78.0,104,78,159,115,100
Squirtle,1,Water,0.5,9.0,Blue,Ordinary,44.0,48,65,50,64,43
Wartortle,1,Water,1.0,22.5,Blue,Ordinary,59.0,63,80,65,80,58
Blastoise,1,Water,1.6,85.5,Blue,Ordinary,79.0,83,100,85,105,78
Mega Blastoise,1,Water,1.6,101.1,Blue,Ordinary,79.0,103,120,135,115,78
Caterpie,1,Bug,0.3,2.9,Green,Ordinary,45.0,30,35,20,20,45
Metapod,1,Bug,0.7,9.9,Green,Ordinary,50.0,20,55,25,25,30
Butterfree,1,Bug,1.1,32.0,White,Ordinary,60.0,45,50,90,80,70
Weedle,1,Bug,0.3,3.2,Brown,Ordinary,40.0,35,30,20,20,50
Kakuna,1,Bug,0.6,10.0,Yellow,Ordinary,45.0,25,50,25,25,35
Beedrill,1,Bug,1.0,29.5,Yellow,Ordinary,65.0,90,40,45,80,75
Mega Beedrill,1,Bug,1.4,40.5,Yellow,Ordinary,65.0,150,40,15,80,145
Pidgey,1,Normal,0.3,1.8,Brown,Ordinary,40.0,45,40,35,35,56
Pidgeotto,1,Normal,1.1,30.0,Brown,Ordinary,63.0,60,55,50,50,71
Pidgeot,1,Normal,1.5,39.5,Brown,Ordinary,83.0,80j,75,70,70,101j
Mega Pidgeot,1,Normal,2.2,50.5,Brown,Ordinary,83.0,80,80,135,80,121
Rattata,1,Normal,0.3,3.5,Purple,Ordinary,30.0,56,35,25,35,72
Alolan Rattata,7,Dark,0.3,3.8,Black,Ordinary,30.0,56,35,25,35,72
Raticate,1,Normal,0.7,18.5,Brown,Ordinary,55.0,81,60,50,70,97
Alolan Raticate,7,Dark,0.7,25.5,Black,Ordinary,75.0,71,70,40,80,77
Spearow,1,Normal,0.3,2.0,Brown,Ordinary,40.0,60,30,31,31,70
Fearow,1,Normal,1.2,38.0,Brown,Ordinary,65.0,90,65,61,61,100
Ekans,1,Poison,2.0,6.9,Purple,Ordinary,35.0,60,44,40,54,55
Arbok,1,Poison,3.5,65.0,Purple,Ordinary,60.0,95,69,65,79,80
Pikachu,1,Electric,0.4,6.0,Yellow,Ordinary,35.0,55,40,50,50,90
Raichu,1,Electric,0.8,30.0,Yellow,Ordinary,60.0,90,55,90,80,110
Alolan Raichu,7,Electric,0.7,21.0,Brown,Ordinary,60.0,85,50,95,85,110
Sandshrew,1,Ground,0.6,12.0,Yellow,Ordinary,50.0,75,85,20,30,40
Alolan Sandshrew,7,Ice,0.7,40.0,White,Ordinary,50.0,75,90,10,35,40
Sandslash,1,Ground,1.0,29.5,Yellow,Ordinary,75.0,100,110,45,55,65
Alolan Sandslash,7,Ice,1.2,55.0,Blue,Ordinary,75.0,100,120,25,65,65
Nidoran F,1,Poison,0.4,7.0,Blue,Ordinary,55.0,47,52,40,40,41
Nidorina,1,Poison,0.8,20.0,Blue,Ordinary,70.0,62,67,55,55,56
Nidoqueen,1,Poison,1.3,60.0,Blue,Ordinary,90.0,9j2,87,75,85,j76
Nidoran M,1,Poison,0.5,9.0,Purple,Ordinary,46.0,57,40,40,40,50
Nidorino,1,Poison,0.9,19.5,Purple,Ordinary,61.0,72,57,55,55,65
Nidoking,1,Poison,1.4,62.0,Purple,Ordinary,,102,77,85,75,85
Clefairy,1,Fairy,0.6,7.5,Pink,Ordinary,70.0,45,48,60,65,35
Clefable,1,Fairy,1.3,40.0,Pink,Ordinary,95.0,70,73,95,90,60
Vulpix,1,Fire,0.6,9.9,Brown,Ordinary,38.0,41,40,50,65,65
Alolan Vulpix,7,Ice,0.6,9.9,White,Ordinary,38.0,41j,40,50,65,65j
Ninetales,1,Fire,1.1,19.9,Yellow,Ordinary,73.0,76,75,81,100,100
Alolan Ninetales,7,Ice,1.1,19.9,Blue,Ordinary,73.0,67,75,81,100,109
Jigglypuff,1,Normal,0.5,5.5,Pink,Ordinary,115.0,45,20,45,25,20
Wigglytuff,1,Normal,1.0,12.0,Pink,Ordinary,140.0,70,45,85,50,45
Zubat,1,Poison,0.8,7.5,Purple,Ordinary,40.0,45,35,30,40,55
Golbat,1,Poison,1.6,55.0,Purple,Ordinary,75.0,80,70,65,75,90
Oddish,1,Grass,0.5,5.4,Blue,Ordinary,45.0,50,55,75,65,30
Gloom,1,Grass,0.8,8.6,Blue,Ordinary,60.0,65,70,85,75,40
Vileplume,1,Grass,1.2,18.6,Red,Ordinary,75.0,80,85,110,90,50
Paras,1,Bug,0.3,5.4,Red,Ordinary,35.0,70,55,45,55,25
Parasect,1,Bug,1.0,29.5,Red,Ordinary,60.0,95,80,60,80,30
Venonat,1,Bug,1.0,30.0,Purple,Ordinary,60.0,55,50,40,55,45
Venomoth,1,Bug,1.5,12.5,Purple,Ordinary,70.0,65,60,90,75,90
Diglett,1,Ground,0.2,0.8,Brown,Ordinary,10.0,55,25,35,45,95
Alolan Diglett,7,Ground,0.2,1.0,Brown,Ordinary,10.0,55,30,35,45,90
Dugtrio,1,Ground,0.7,33.3,Brown,Ordinary,35.0,100,50,50,70,120
Alolan Dugtrio,7,Ground,0.7,66.6,Brown,Ordinary,35.0,100,60,50,70,110
Meowth,1,Normal,0.4,4.2,Yellow,Ordinary,40.0,45,35,40,40,90
Alolan Meowth,7,Dark,0.4,4.2,Blue,Ordinary,40.0,3j5,35,50,40,9j0
Galarian Meowth,8,Steel,0.4,7.5,Brown,Ordinary,50.0,6j5,55,40,40,j40
Persian,1,Normal,1.0,32.0,Yellow,,65.0,70,60,65,65,115
Alolan Persian,7,Dark,1.1,33.0,Blue,Ordinary,65.0,60,60,75,65,115
Psyduck,1,Water,0.8,19.6,Yellow,Ordinary,50.0,52,48,65,50,55
Golduck,1,Water,1.7,76.6,Blue,Ordinary,80.0,82,78,95,80,85
Mankey,1,Fighting,0.5,28.0,Brown,Ordinary,40.0,80,35,35,45,70
Primeape,1,Fighting,1.0,32.0,Brown,Ordinary,65.0,105,60,60,70,95
Growlithe,1,Fire,0.7,19.0,Brown,Ordinary,55.0,70,45,70,50,60
Hisuian Growlithe,8,Fire,0.8,22.7,Brown,Ordinary,60.0,75,45,65,50,55
Arcanine,1,Fire,1.9,155.0,Brown,Ordinary,90.0,110,80,100,80,95
Hisuian Arcanine,8,Fire,2.0,168.0,Brown,Ordinary,,115,80,95,80,90
Poliwag,1,Water,0.6,12.4,Blue,Ordinary,40.0,50,40,40,40,90
Poliwhirl,1,Water,1.0,20.0,Blue,Ordinary,65.0,65,65,50,50,90
Poliwrath,1,Water,1.3,54.0,Blue,Ordinary,90.0,95,95,70,90,70
Abra,1,Psychic,0.9,19.5,Brown,Ordinary,25.0,20,15,105,55,90
Kadabra,1,Psychic,1.3,56.5,Brown,Ordinary,40.0,35,30,120,70,105
Alakazam,1,Psychic,1.5,48.0,Brown,Ordinary,55.0,50,45,135,95,120
Mega Alakazam,1,Psychic,1.2,48.0,Brown,Ordinary,55.0,50,65,175,105,150
Machop,1,Fighting,0.8,19.5,Gray,Ordinary,70.0,80,50,35,35,35
Machoke,1,Fighting,1.5,70.5,Gray,Ordinary,80.0,100,70,50,60,45
Machamp,1,Fighting,1.6,130.0,Gray,Ordinary,90.0,130,80,65,85,55
Bellsprout,1,Grass,0.7,4.0,Green,Ordinary,50.0,75,35,70,30,40
Weepinbell,1,Grass,1.0,6.4,Green,Ordinary,65.0,90,50,85,45,55
Victreebel,1,Grass,1.7,15.5,Green,Ordinary,80.0,105,65,100,70,70
Tentacool,1,Water,0.9,45.5,Blue,Ordinary,40.0,40,35,50,100,70
Tentacruel,1,Water,1.6,55.0,Blue,Ordinary,80.0,70,65,80,120,100
Geodude,1,Rock,0.4,20.0,Brown,Ordinary,40.0,80,100,30,30,20
Alolan Geodude,7,Rock,0.4,20.3,Gray,Ordinary,40.0,80,100,30,30,20
Graveler,1,Rock,1.0,105.0,Brown,Ordinary,55.0,95,115,45,45,35
Alolan Graveler,7,Rock,1.0,110.0,Gray,Ordinary,55.0,95,115,45,45,35
Golem,1,Rock,1.4,300.0,Brown,Ordinary,80.0,120,130,55,65,45
Alolan Golem,7,Rock,1.7,316.0,Gray,Ordinary,80.0,120,130,55,65,45
Ponyta,1,Fire,1.0,30.0,Yellow,Ordinary,50.0,85,55,65,65,90
Galarian Ponyta,8,Psychic,0.8,24.0,White,Ordinary,50.0,85,55,65,65,90
Rapidash,1,Fire,1.7,95.0,Yellow,Ordinary,65.0,100,70,80,80,105
Galarian Rapidash,8,Psychic,1.7,80.0,White,Ordinary,65.0,100,70,80,80,105
Slowpoke,1,Water,1.2,36.0,Pink,Ordinary,90.0,65,65,40,40,15
Galarian Slowpoke,8,Psychic,1.2,36.0,Pink,Ordinary,90.0,65,65,40,40,15
Slowbro,1,Water,1.6,78.5,Pink,Ordinary,95.0,75,110,100,80,30
Galarian Slowbro,8,Poison,1.6,70.5,Pink,Ordinary,95.0,100,95,100,70,30
Mega Slowbro,1,Water,2.0,120.0,Pink,Ordinary,95.0,75,180,130,80,30
Magnemite,1,Electric,0.3,6.0,Gray,Ordinary,,35,70,95,55,45
Magneton,1,Electric,1.0,60.0,Gray,Ordinary,50.0,60,95,120,70,70
Farfetch'd,1,Normal,0.8,15.0,Brown,Ordinary,52.0,90,55,58,62,60
Galarian Farfetch'd,8,Fighting,0.8,42.0,Brown,Ordinary,52.0,95,55,58,62,55
Doduo,1,Normal,1.4,39.2,Brown,Ordinary,35.0,85,45,35,35,75
Dodrio,1,Normal,1.8,85.2,Brown,Ordinary,60.0,110,70,60,60,110
Seel,1,Water,1.1,90.0,White,Ordinary,65.0,45,55,45,70,45
Dewgong,1,Water,1.7,120.0,White,Ordinary,90.0,70,80,70,95,70
Grimer,1,Poison,0.9,30.0,Purple,Ordinary,80.0,80,50,40,50,25
Alolan Grimer,7,Poison,0.7,42.0,Green,Ordinary,80.0,80,50,40,50,25
Muk,1,Poison,1.2,30.0,Purple,Ordinary,105.0,105,75,65,100,50
Alolan Muk,7,Poison,1.0,52.0,Green,Ordinary,105.0,105,75,65,100,50
Shellder,1,Water,0.3,4.0,Purple,Ordinary,30.0,65,100,45,25,40
Cloyster,1,Water,1.5,132.5,Purple,Ordinary,50.0,95,180,85,45,70
Gastly,1,Ghost,1.3,0.1,Purple,Ordinary,,35,30,100,35,80
Haunter,1,Ghost,1.6,0.1,Purple,Ordinary,45.0,50,45,115,55,95
Gengar,1,Ghost,1.5,40.5,Purple,Ordinary,60.0,65,60,130,75,110
Mega Gengar,1,Ghost,1.4,40.5,Purple,Ordinary,60.0,6j5,80,170,95,1j30
Onix,1,Rock,8.8,210.0,Gray,Ordinary,35.0,45,160,30,45,70
Drowzee,1,Psychic,1.0,32.4,Yellow,Ordinary,60.0,4j8,45,43,90,j42
Hypno,1,Psychic,1.6,75.6,Yellow,Ordinary,85.0,73,70,73,115,67
Krabby,1,Water,0.4,6.5,Red,Ordinary,30.0,105,90,25,25,50
Kingler,1,Water,1.3,60.0,Red,Ordinary,55.0,130,115,50,50,75
Voltorb,1,Electric,0.5,10.4,Red,Ordinary,40.0,30,50,55,55,100
Hisuian Voltorb,8,Electric,0.5,13.0,Red,Ordinary,40.0,30,50,55,55,100
Electrode,1,Electric,1.2,66.6,Red,Ordinary,60.0,50,70,80,80,150
Hisuian Electrode,8,Electric,1.2,71.0,Red,Ordinary,60.0,5j0,70,80,80,15j0
Exeggcute,1,Grass,0.4,2.5,Pink,Ordinary,60.0,40,80,60,45,40
Exeggutor,1,Grass,2.0,120.0,Yellow,Ordinary,95.0,95,85,125,75,55
Alolan Exeggutor,7,Grass,10.9,415.6,Yellow,Ordinary,95.0,105,85,125,75,45
Cubone,1,Ground,0.4,6.5,Brown,Ordinary,50.0,50,95,40,50,35
Marowak,1,Ground,1.0,45.0,Brown,Ordinary,60.0,80,110,50,80,45
Alolan Marowak,7,Fire,1.0,34.0,Purple,Ordinary,60.0,80,110,50,80,45
Hitmonlee,1,Fighting,1.5,49.8,Brown,Ordinary,50.0,120,53,35,110,87
Hitmonchan,1,Fighting,1.4,50.2,Brown,Ordinary,50.0,105,79,35,110,76
Lickitung,1,Normal,1.2,65.5,Pink,Ordinary,90.0,55,75,60,75,30
Koffing,1,Poison,0.6,1.0,Purple,Ordinary,40.0,65,95,60,45,35
Weezing,1,Poison,1.2,9.5,Purple,Ordinary,65.0,90,120,85,70,60
Galarian Weezing,8,Poison,3.0,16.0,Gray,Ordinary,65.0,90,120,85,70,60
Rhyhorn,1,Ground,1.0,115.0,Gray,Ordinary,80.0,85,95,30,30,25
Rhydon,1,Ground,1.9,120.0,Gray,,105.0,130,120,45,45,40
Chansey,1,Normal,1.1,34.6,Pink,Ordinary,250.0,5,5,35,105,50
Tangela,1,Grass,1.0,35.0,Blue,Ordinary,65.0,55,115,100,40,60
Kangaskhan,1,Normal,2.2,80.0,Brown,Ordinary,105.0,95,80,40,80,90
Mega Kangaskhan,1,Normal,2.2,100.0,Brown,Ordinary,105.0,125,100,60,100,100
Horsea,1,Water,0.4,8.0,Blue,Ordinary,30.0,40,70,70,25,60
Seadra,1,Water,1.2,25.0,Blue,Ordinary,55.0,65,95,95,45,85
Goldeen,1,Water,0.6,15.0,Red,Ordinary,45.0,67,60,35,50,63
Seaking,1,Water,1.3,39.0,Red,Ordinary,80.0,92,65,65,80,68
Staryu,1,Water,0.8,34.5,Brown,Ordinary,30.0,45,55,70,55,85
Starmie,1,Water,1.1,80.0,Purple,Ordinary,60.0,75,85,100,85,115
Mr. Mime,1,Psychic,1.3,54.5,Pink,Ordinary,40.0,45,65,100,120,90
Galarian Mr. Mime,8,Ice,1.4,56.8,White,Ordinary,50.0,65,65,90,90,100
Scyther,1,Bug,1.5,56.0,Green,Ordinary,70.0,110,80,55,80,105
Jynx,1,Ice,1.4,40.6,Red,Ordinary,65.0,50,35,115,95,95
Electabuzz,1,Electric,1.1,30.0,Yellow,Ordinary,65.0,83,57,95,85,105
Magmar,1,Fire,1.3,44.5,Red,Ordinary,65.0,95,57,100,85,93
Pinsir,1,Bug,1.5,55.0,Brown,Ordinary,65.0,125,100,55,70,85
Mega Pinsir,1,Bug,1.7,59.0,Brown,Ordinary,65.0,155,120,65,90,105
Tauros,1,Normal,1.4,88.4,Brown,Ordinary,75.0,100,95,40,70,110
Paldean Tauros Combat Breed,1,Fighting,1.4,115.0,Brown,Ordinary,75.0,110,105,30,70,100
Paldean Tauros Blaze Breed,9,Fighting,1.4,85.0,Brown,Ordinary,75.0,110,105,30,70,100
Paldean Tauros Aqua Breed,9,Fighting,1.4,110.0,Brown,Ordinary,75.0,110,105,30,70,100
Magikarp,1,Water,0.9,10.0,Red,Ordinary,20.0,j10,55,15,20,8j0
Gyarados,1,Water,6.5,235.0,Blue,Ordinary,95.0,125,79,60,100,81
Mega Gyarados,1,Water,6.5,305.0,Blue,Ordinary,,155,109,70,130,81
Lapras,1,Water,2.5,220.0,Blue,Ordinary,130.0,85,80,85,95,60
Ditto,1,Normal,0.3,4.0,Purple,Ordinary,48.0,48,48,48,48,48
Eevee,1,Normal,0.3,6.5,Brown,Ordinary,55.0,55,50,45,65,55
Vaporeon,1,Water,1.0,29.0,Blue,Ordinary,130.0,65,60,110,95,65
Jolteon,1,Electric,0.8,24.5,Yellow,Ordinary,65.0,65,60,110,95,130
Flareon,1,Fire,0.9,25.0,Red,Ordinary,65.0,130,60,95,110,65
Porygon,1,Normal,0.8,36.5,Pink,Ordinary,65.0,60j,70,85,75,40j
Omanyte,1,Rock,0.4,7.5,Blue,Ordinary,35.0,40,100,90,55,35
Omastar,1,Rock,1.0,35.0,Blue,Ordinary,70.0,60,125,115,70,55
Kabuto,1,Rock,0.5,11.5,Brown,Ordinary,30.0,80,90,55,45,55
Kabutops,1,Rock,1.3,40.5,Brown,Ordinary,60.0,115,105,65,70,80
Aerodactyl,1,Rock,1.8,59.0,Purple,Ordinary,80.0,105,65,60,75,130
Mega Aerodactyl,1,Rock,2.1,79.0,Purple,Ordinary,80.0,135,85,70,95,150
Snorlax,1,Normal,2.1,460.0,Black,Ordinary,160.0,110,65,65,110,30
Articuno,1,Ice,1.7,55.4,Blue,Semi-Legendary,90.0,85,100,95,125,85
Galarian Articuno,8,Psychic,1.7,50.9,Purple,Semi-Legendary,90.0,85,85,125,100,95
Zapdos,1,Electric,1.6,52.6,Yellow,Semi-Legendary,90.0,90,85,125,90,100
Galarian Zapdos,8,Fighting,1.6,58.2,Yellow,Semi-Legendary,90.0,125,90,85,90,100
Moltres,1,Fire,2.0,60.0,Yellow,Semi-Legendary,90.0,100,90,125,85,90
Galarian Moltres,8,Dark,2.0,66.0,Red,Semi-Legendary,90.0,85,90,100,125,90
Dratini,1,Dragon,1.8,3.3,Blue,Ordinary,41.0,64,45,50,50,50
Dragonair,1,Dragon,4.0,16.5,Blue,Ordinary,61.0,84,65,70,70,70
Dragonite,1,Dragon,2.2,210.0,Brown,Ordinary,91.0,134,95,100,100,80
Mewtwo,1,Psychic,2.0,122.0,Purple,Legendary,106.0,110,90,154,90,130
Mega Mewtwo X,1,Psychic,2.3,127.0,Purple,Legendary,106.0,190,100,154,100,130
Mega Mewtwo Y,1,Psychic,1.5,33.0,Purple,Legendary,106.0,150,70,194,120,140
Mew,1,Psychic,0.4,4.0,Pink,Mythical,100.0,100,100,100,100,100
Chikorita,2,Grass,0.9,6.4,Green,Ordinary,45.0,49,65,49,65,45
Bayleef,2,Grass,1.2,15.8,Green,Ordinary,60.0,62,80,63,80,60
Meganium,2,Grass,1.8,100.5,Green,Ordinary,80.0,82,100,83,100,80
Cyndaquil,2,Fire,0.5,7.9,Yellow,Ordinary,39.0,52,43,60,50,65
Quilava,2,Fire,0.9,19.0,Yellow,Ordinary,58.0,64,58,80,65,80
Typhlosion,2,Fire,1.7,79.5,Yellow,Ordinary,78.0,84,78,109,85,100
Hisuian Typhlosion,8,Fire,1.6,69.8,Yellow,Ordinary,73.0,84,78,119,85,95
Totodile,2,Water,0.6,9.5,Blue,Ordinary,50.0,65,64,44,48,43
Croconaw,2,Water,1.1,25.0,Blue,,65.0,80,80,59,63,58
Feraligatr,2,Water,2.3,88.8,Blue,Ordinary,85.0,105,100,79,83,78
Sentret,2,Normal,0.8,6.0,Brown,Ordinary,35.0,46,34,35,45,20
Furret,2,Normal,1.8,32.5,Brown,Ordinary,85.0,76,64,45,55,90
Hoothoot,2,Normal,0.7,21.2,Brown,Ordinary,60.0,30,30,36,56,50
Noctowl,2,Normal,1.6,40.8,Brown,Ordinary,100.0,50,50,86,96,70
Ledyba,2,Bug,1.0,10.8,Red,Ordinary,40.0,20,30,40,80,55
Ledian,2,Bug,1.4,35.6,Red,Ordinary,55.0,35,50,55,110,85
Spinarak,2,Bug,0.5,8.5,Green,Ordinary,40.0,60,40,40,40,30
Ariados,2,Bug,1.1,33.5,Red,Ordinary,70.0,90,70,60,70,40
Crobat,2,Poison,1.8,75.0,Purple,Ordinary,85.0,90,80,70,80,130
Chinchou,2,Water,0.5,12.0,Blue,Ordinary,75.0,38,38,56,56,67
Lanturn,2,Water,1.2,22.5,Blue,Ordinary,125.0,58,58,76,76,67
Pichu,2,Electric,0.3,2.0,Yellow,Ordinary,20.0,40j,15,35,35,j60
Cleffa,2,Fairy,0.3,3.0,Pink,Ordinary,50.0,25,28,45,55,15
Igglybuff,2,Normal,0.3,1.0,Pink,Ordinary,90.0,30,15,40,20,15
Togepi,2,Fairy,0.3,1.5,White,Ordinary,35.0,20j,65,40,65,20j
Togetic,2,Fairy,0.6,3.2,White,Ordinary,55.0,j40,85,80,105,j40
Natu,2,Psychic,0.2,2.0,Green,Ordinary,40.0,50,45,70,45,70
Xatu,2,Psychic,1.5,15.0,Green,Ordinary,65.0,75,70,95,70,95
Mareep,2,Electric,0.6,7.8,White,Ordinary,55.0,40,40,65,45,35
Flaaffy,2,Electric,0.8,13.3,Pink,Ordinary,70.0,55,55,80,60,45
Ampharos,2,Electric,1.4,61.5,Yellow,Ordinary,90.0,75,85,115,90,55
Mega Ampharos,2,Electric,1.4,61.5,Yellow,Ordinary,90.0,95,105,165,110,45
Bellossom,2,Grass,0.4,5.8,Green,Ordinary,75.0,80,95,90,100,50
Marill,2,Water,0.4,8.5,Blue,Ordinary,70.0,20,50,20,50,40
Azumarill,2,Water,0.8,28.5,Blue,Ordinary,100.0,50,80,60,80,50
Sudowoodo,2,Rock,1.2,38.0,Brown,Ordinary,70.0,100,115,30,65,30
Politoed,2,Water,1.1,33.9,Green,Ordinary,90.0,75,75,90,100,70
Hoppip,2,Grass,0.4,0.5,Pink,Ordinary,35.0,35,40,35,55,50
Skiploom,2,Grass,0.6,1.0,Green,Ordinary,55.0,45,50,45,65,80
Jumpluff,2,Grass,0.8,3.0,Blue,Ordinary,75.0,55,70,55,95,110
Aipom,2,Normal,0.8,11.5,Purple,Ordinary,55.0,70,55,40,55,85
Sunkern,2,Grass,0.3,1.8,Yellow,Ordinary,30.0,30,30,30,30,30
Sunflora,2,Grass,0.8,8.5,Yellow,Ordinary,75.0,75,55,105,85,30
Yanma,2,Bug,1.2,38.0,Red,Ordinary,65.0,65,45,75,45,95
Paldean Wooper,9,Poison,0.4,11.0,Blue,Ordinary,55.0,45,45,25,25,15
Wooper,2,Water,0.4,8.5,Blue,Ordinary,55.0,45,45,25,25,15
Quagsire,2,Water,1.4,75.0,Blue,Ordinary,95.0,85,85,65,65,35
Espeon,2,Psychic,0.9,26.5,Purple,Ordinary,65.0,65,60,130,95,110
Umbreon,2,Dark,1.0,27.0,Black,Ordinary,95.0,65,110,60,130,65
Murkrow,2,Dark,0.5,2.1,Black,Ordinary,60.0,85,42,85,42,91
Slowking,2,Water,2.0,79.5,Pink,Ordinary,95.0,75,80,100,110,30
Galarian Slowking,8,Poison,1.8,79.5,Pink,Ordinary,95.0,65,80,110,110,30
Misdreavus,2,Ghost,0.7,1.0,Gray,Ordinary,60.0,60,60,85,85,85
Unown,2,Psychic,0.5,5.0,Black,Ordinary,48.0,72,48,72,48,48
Wobbuffet,2,Psychic,1.3,28.5,Blue,Ordinary,190.0,33,58,33,58,33
Girafarig,2,Normal,1.5,41.5,Yellow,Ordinary,70.0,80,65,90,65,85
Pineco,2,Bug,0.6,7.2,Gray,Ordinary,50.0,65,90,35,35,15
Forretress,2,Bug,1.2,125.8,Purple,Ordinary,75.0,90,140,60,60,40
Dunsparce,2,Normal,1.5,14.0,Yellow,Ordinary,100.0,70,70,65,65,45
Gligar,2,Ground,1.1,64.8,Purple,Ordinary,65.0,75,105,35,65,85
Steelix,2,Steel,9.2,400.0,Gray,Ordinary,75.0,85,200,55,65,30
Mega Steelix,2,Steel,10.5,740.0,Gray,Ordinary,75.0,125,230,55,95,30
Snubbull,2,Fairy,0.6,7.8,Pink,Ordinary,60.0,80,50,40,40,30
Granbull,2,Fairy,1.4,48.7,Purple,Ordinary,90.0,120,75,60,60,45
Qwilfish,2,Water,0.5,3.9,Gray,Ordinary,65.0,95,85,55,55,85
Hisuian Qwilfish,8,Dark,0.5,3.9,Gray,Ordinary,65.0,95,85,55,55,85
Scizor,2,Bug,1.8,118.0,Red,Ordinary,70.0,130,100,55,80,65
Mega Scizor,2,Bug,2.0,125.0,Red,Ordinary,70.0,150,140,65,100,75
Shuckle,2,Bug,0.6,20.5,Yellow,,20.0,10,230,10,230,5
Heracross,2,Bug,1.5,54.0,Blue,Ordinary,80.0,125,75,40,95,85
Mega Heracross,2,Bug,1.7,62.5,Blue,Ordinary,80.0,185,115,40,105,75
Sneasel,2,Dark,0.9,28.0,Black,Ordinary,55.0,95,55,35,75,115
Hisuian Sneasel,8,Fighting,0.9,27.0,Purple,Ordinary,55.0,95,55,35,75,115
Teddiursa,2,Normal,0.6,8.8,Brown,Ordinary,60.0,80,50,50,50,40
Ursaring,2,Normal,1.8,125.8,Brown,Ordinary,90.0,130,75,75,75,55
Slugma,2,Fire,0.7,35.0,Red,Ordinary,40.0,40,40,70,40,20
Magcargo,2,Fire,0.8,55.0,Red,Ordinary,60.0,50,120,90,80,30
Swinub,2,Ice,0.4,6.5,Brown,Ordinary,50.0,50,40,30,30,50
Piloswine,2,Ice,1.1,55.8,Brown,Ordinary,100.0,100,80,60,60,50
Corsola,2,Water,0.6,5.0,Pink,Ordinary,65.0,55,95,65,95,35
Galarian Corsola,8,Ghost,0.6,0.5,White,Ordinary,60.0,55,100,65,100,30
Remoraid,2,Water,0.6,12.0,Gray,Ordinary,35.0,65,35,65,35,65
Octillery,2,Water,0.9,28.5,Red,Ordinary,75.0,10j5,75,105,75,4j5
Delibird,2,Ice,0.9,16.0,Red,Ordinary,45.0,55,45,65,45,75
Mantine,2,Water,2.1,220.0,Purple,Ordinary,85.0,40,70,80,140,70
Skarmory,2,Steel,1.7,50.5,Gray,Ordinary,65.0,80,140,40,70,70
Houndour,2,Dark,0.6,10.8,Black,Ordinary,45.0,60,30,80,50,65
Houndoom,2,Dark,1.4,35.0,Black,Ordinary,75.0,90,50,110,80,95
Mega Houndoom,2,Dark,1.9,49.5,Black,Ordinary,75.0,90,90,140,90,115
Kingdra,2,Water,1.8,152.0,Blue,Ordinary,75.0,95,95,95,95,85
Phanpy,2,Ground,0.5,33.5,Blue,,90.0,60,60,40,40,40
Donphan,2,Ground,1.1,120.0,Gray,Ordinary,90.0,120,120,60,60,50
Porygon2,2,Normal,0.6,32.5,Red,Ordinary,85.0,80,90,105,95,60
Stantler,2,Normal,1.4,71.2,Brown,Ordinary,73.0,j95,62,85,65,85j
Smeargle,2,Normal,1.2,58.0,White,Ordinary,,20,35,20,45,75
Tyrogue,2,Fighting,0.7,21.0,Purple,Ordinary,35.0,35,35,35,35,35
Hitmontop,2,Fighting,1.4,48.0,Brown,Ordinary,50.0,95,95,35,110,70
Smoochum,2,Ice,0.4,6.0,Pink,Ordinary,45.0,30,15,85,65,65
Elekid,2,Electric,0.6,23.5,Yellow,Ordinary,45.0,63,37,65,55,95
Magby,2,Fire,0.7,21.4,Red,Ordinary,45.0,75,37,70,55,83
Miltank,2,Normal,1.2,75.5,Pink,Ordinary,95.0,80,105,40,70,100
Blissey,2,Normal,1.5,46.8,Pink,Ordinary,255.0,10,10,75,135,55
Raikou,2,Electric,1.9,178.0,Yellow,Semi-Legendary,90.0,85,75,115,100,115
Entei,2,Fire,2.1,198.0,Brown,Semi-Legendary,115.0,115,85,90,75,100
Suicune,2,Water,2.0,187.0,Blue,Semi-Legendary,100.0,75,115,90,115,85
Larvitar,2,Rock,0.6,72.0,Green,Ordinary,50.0,64,50,45,50,41
Pupitar,2,Rock,1.2,152.0,Gray,Ordinary,70.0,84,70,65,70,51
Tyranitar,2,Rock,2.0,202.0,Green,Ordinary,100.0,134,110,95,100,61
Mega Tyranitar,2,Rock,2.5,255.0,Green,Ordinary,100.0,164,150,95,120,71
Lugia,2,Psychic,5.2,216.0,White,Legendary,106.0,90,130,90,154,110
Ho-Oh,2,Fire,3.8,199.0,Red,Legendary,106.0,130,90,110,154,90
Celebi,2,Psychic,0.6,5.0,Green,Mythical,100.0,100,100,100,100,100
Treecko,3,Grass,0.5,5.0,Green,Ordinary,40.0,45j,35,65,55,7j0
Grovyle,3,Grass,0.9,21.6,Green,Ordinary,50.0,65,45,85,65,95
Sceptile,3,Grass,1.7,52.2,Green,Ordinary,70.0,85,65,105,85,120
Mega Sceptile,3,Grass,1.9,55.2,Green,,70.0,110,75,145,85,145
Torchic,3,Fire,0.4,2.5,Red,Ordinary,45.0,60,40,70,50,45
Combusken,3,Fire,0.9,19.5,Red,Ordinary,60.0,85,60,85,60,55
Blaziken,3,Fire,1.9,52.0,Red,Ordinary,80.0,120,70,110,70,80
Mega Blaziken,3,Fire,1.9,52.0,Red,Ordinary,80.0,160,80,130,80,100
Mudkip,3,Water,0.4,7.6,Blue,Ordinary,50.0,j70,50,50,50,j40
Marshtomp,3,Water,0.7,28.0,Blue,Ordinary,70.0,85,70,60,70,50
Swampert,3,Water,1.5,81.9,Blue,Ordinary,100.0,110,90,85,90,60
Mega Swampert,3,Water,1.9,102.0,Blue,Ordinary,100.0,150,110,95,110,70
Poochyena,3,Dark,0.5,13.6,Gray,Ordinary,35.0,55,35,30,30,35
Mightyena,3,Dark,1.0,37.0,Gray,Ordinary,70.0,90,70,60,60,70
Zigzagoon,3,Normal,0.4,17.5,Brown,Ordinary,38.0,30,41,30,41,60
Galarian Zigzagoon,8,Dark,0.4,17.5,White,Ordinary,38.0,30,41,30,41,60
Linoone,3,Normal,0.5,32.5,White,Ordinary,78.0,70,61,50,61,100
Galarian Linoone,8,Dark,0.5,32.5,White,Ordinary,78.0,70,61,50,61,100
Wurmple,3,Bug,0.3,3.6,Red,Ordinary,45.0,45,35,20,30,20
Silcoon,3,Bug,0.6,10.0,White,Ordinary,50.0,35,55,25,25,15
Beautifly,3,Bug,1.0,28.4,Yellow,Ordinary,60.0,70,50,100,50,65
Cascoon,3,Bug,0.7,11.5,Purple,Ordinary,50.0,35,55,25,25,15
Dustox,3,Bug,1.2,31.6,Green,Ordinary,60.0,50,70,50,90,65
Lotad,3,Water,0.5,2.6,Green,Ordinary,40.0,30,30,40,50,30
Lombre,3,Water,1.2,32.5,Green,Ordinary,60.0,50,50,60,70,50
Ludicolo,3,Water,1.5,55.0,Green,Ordinary,80.0,70j,70,90,100,70j
Seedot,3,Grass,0.5,4.0,Brown,,40.0,40,50,30,30,30
Nuzleaf,3,Grass,1.0,28.0,Brown,Ordinary,70.0,j70,40,60,40,60j
Shiftry,3,Grass,1.3,59.6,Brown,Ordinary,90.0,100,60,90,60,80
Taillow,3,Normal,0.3,2.3,Blue,Ordinary,40.0,5j5,30,30,30,8j5
Swellow,3,Normal,0.7,19.8,Blue,Ordinary,60.0,85,60,75,50,125
Wingull,3,Water,0.6,9.5,White,Ordinary,40.0,30,30,55,30,85
Pelipper,3,Water,1.2,28.0,Yellow,Ordinary,60.0,50,100,95,70,65
Ralts,3,Psychic,0.4,6.6,White,Ordinary,28.0,25,25,45,35,40
Kirlia,3,Psychic,0.8,20.2,White,Ordinary,38.0,35,35,65,55,50
Gardevoir,3,Psychic,1.6,48.4,White,Ordinary,68.0,65,65,125,115,80
Mega Gardevoir,3,Psychic,1.6,48.4,White,Ordinary,68.0,85,65,165,135,100
Surskit,3,Bug,0.5,1.7,Blue,Ordinary,40.0,3j0,32,50,52,65j
Masquerain,3,Bug,0.8,3.6,Blue,Ordinary,70.0,60,62,100,82,80
Shroomish,3,Grass,0.4,4.5,Brown,Ordinary,60.0,40,60,40,60,35
Breloom,3,Grass,1.2,39.2,Green,Ordinary,60.0,130,80,60,60,70
Slakoth,3,Normal,0.8,24.0,Brown,Ordinary,60.0,60,60,35,35,30
Vigoroth,3,Normal,1.4,46.5,White,Ordinary,80.0,80,80,55,55,90
Slaking,3,Normal,2.0,130.5,Brown,Ordinary,150.0,160,100,95,65,100
Nincada,3,Bug,0.5,5.5,Gray,Ordinary,31.0,45,90,30,30,40
Ninjask,3,Bug,0.8,12.0,Yellow,Ordinary,61.0,j90,45,50,50,j160
Shedinja,3,Bug,0.8,1.2,Brown,Ordinary,1.0,90,45,30,30,40
Whismur,3,Normal,0.6,16.3,Pink,Ordinary,64.0,51,23,51,23,28
Loudred,3,Normal,1.0,40.5,Blue,Ordinary,,71,43,71,43,48
Exploud,3,Normal,1.5,84.0,Blue,Ordinary,104.0,91,63,91,73,68
Makuhita,3,Fighting,1.0,86.4,Yellow,Ordinary,72.0,60,30,20,30,25
Hariyama,3,Fighting,2.3,253.8,Brown,Ordinary,144.0,120,60,40,60,50
Azurill,3,Normal,0.2,2.0,Blue,Ordinary,50.0,20,40,20,40,20
Nosepass,3,Rock,1.0,97.0,Gray,Ordinary,30.0,45,135,45,90,30
Skitty,3,Normal,0.6,11.0,Pink,Ordinary,50.0,45,45,35,35,50
Delcatty,3,Normal,1.1,32.6,Purple,Ordinary,70.0,j65,65,55,55,9j0
Sableye,3,Dark,0.5,11.0,Purple,Ordinary,50.0,75,75,65,65,50
Mega Sableye,3,Dark,0.5,161.0,Purple,Ordinary,50.0,85,125,85,115,20
Mawile,3,Steel,0.6,11.5,Black,Ordinary,50.0,85,85,55,55,50
Mega Mawile,3,Steel,1.0,23.5,Black,Ordinary,50.0,105,125,55,95,50
Aron,3,Steel,0.4,60.0,Gray,Ordinary,50.0,70,100,40,40,30
Lairon,3,Steel,0.9,120.0,Gray,Ordinary,60.0,90,140,50,50,40
Aggron,3,Steel,2.1,360.0,Gray,Ordinary,70.0,11j0,180,60,60,5j0
Mega Aggron,3,Steel,2.2,395.0,Gray,Ordinary,70.0,140,230,60,80,50
Meditite,3,Fighting,0.6,11.2,Blue,Ordinary,30.0,40,55,40,55,60
Medicham,3,Fighting,1.3,31.5,Red,Ordinary,60.0,60,75,60,75,80
Mega Medicham,3,Fighting,1.3,31.5,Red,Ordinary,60.0,100,85,80,85,100
Electrike,3,Electric,0.6,15.2,Green,Ordinary,40.0,45,40,65,40,65
Manectric,3,Electric,1.5,40.2,Yellow,Ordinary,70.0,75,60,105,60,105
Mega Manectric,3,Electric,1.8,44.0,Yellow,Ordinary,70.0,75,80,135,80,135
Plusle,3,Electric,0.4,4.2,Yellow,Ordinary,60.0,50,40,85,75,95
Minun,3,Electric,0.4,4.2,Yellow,Ordinary,60.0,40,50,75,85,95
Volbeat,3,Bug,0.7,17.7,Gray,Ordinary,65.0,73,75,47,85,85
Illumise,3,Bug,0.6,17.7,Purple,Ordinary,65.0,47,75,73,85,85
Roselia,3,Grass,0.3,2.0,Green,Ordinary,50.0,60,45,100,80,65
Gulpin,3,Poison,0.4,10.3,Green,Ordinary,70.0,43,53,43,53,40
Swalot,3,Poison,1.7,80.0,Purple,Ordinary,100.0,7j3,83,73,83,j55
Carvanha,3,Water,0.8,20.8,Red,Ordinary,45.0,90,20,65,20,65
Sharpedo,3,Water,1.8,88.8,Blue,Ordinary,70.0,120,40,95,40,95
Mega Sharpedo,3,Water,2.5,130.3,Blue,Ordinary,70.0,140,70,110,65,105
Wailmer,3,Water,2.0,130.0,Blue,Ordinary,130.0,70,35,70,35,60
Wailord,3,Water,14.5,398.0,Blue,Ordinary,170.0,90,45,90,45,60
Numel,3,Fire,0.7,24.0,Yellow,Ordinary,60.0,60,40,65,45,35
Camerupt,3,Fire,1.9,220.0,Red,Ordinary,70.0,100,70,105,75,40
Mega Camerupt,3,Fire,2.5,320.5,Red,Ordinary,70.0,120,100,145,105,20
Torkoal,3,Fire,0.5,80.4,Brown,Ordinary,70.0,85,140,85,70,20
Spoink,3,Psychic,0.7,30.6,Black,Ordinary,60.0,25,35,70,80,60
Grumpig,3,Psychic,0.9,71.5,Purple,Ordinary,80.0,45,65,90,110,80
Spinda,3,Normal,1.1,5.0,Brown,Ordinary,60.0,60,60,60,60,60
Trapinch,3,Ground,0.7,15.0,Brown,Ordinary,45.0,100,45,45,45,10
Vibrava,3,Ground,1.1,15.3,Green,Ordinary,50.0,70,50,50,50,70
Flygon,3,Ground,2.0,82.0,Green,Ordinary,80.0,100,80,80,80,100
Cacnea,3,Grass,0.4,51.3,Green,Ordinary,50.0,85,40,85,40,35
Cacturne,3,Grass,1.3,77.4,Green,,70.0,115,60,115,60,55
Swablu,3,Normal,0.4,1.2,Blue,Ordinary,45.0,40,60,40,75,50
Altaria,3,Dragon,1.1,20.6,Blue,Ordinary,75.0,70,90,70,105,80
Mega Altaria,3,Dragon,1.5,20.6,Blue,Ordinary,75.0,110,110,110,105,80
Zangoose,3,Normal,1.3,40.3,White,Ordinary,73.0,115,60,60,60,90
Seviper,3,Poison,2.7,52.5,Black,Ordinary,73.0,100,60,100,60,65
Lunatone,3,Rock,1.0,168.0,Yellow,Ordinary,90.0,55,65,95,85,70
Solrock,3,Rock,1.2,154.0,Red,Ordinary,90.0,95,85,55,65,70
Barboach,3,Water,0.4,1.9,Gray,Ordinary,50.0,48,43,46,41,60
Whiscash,3,Water,0.9,23.6,Blue,Ordinary,110.0,78,73,76,71,60
Corphish,3,Water,0.6,11.5,Red,Ordinary,43.0,80,65,50,35,35
Crawdaunt,3,Water,1.1,32.8,Red,Ordinary,63.0,120,85,90,55,55
Baltoy,3,Ground,0.5,21.5,Brown,Ordinary,40.0,40,55,40,70,55
Claydol,3,Ground,1.5,108.0,Black,Ordinary,60.0,70,105,70,120,75
Lileep,3,Rock,1.0,23.8,Purple,Ordinary,66.0,41,77,61,87,23
Cradily,3,Rock,1.5,60.4,Green,Ordinary,86.0,81j,97,81,107,4j3
Anorith,3,Rock,0.7,12.5,Gray,Ordinary,45.0,95,50,40,50,75
Armaldo,3,Rock,1.5,68.2,Gray,Ordinary,75.0,125,100,70,80,45
Feebas,3,Water,0.6,7.4,Brown,Ordinary,,15,20,10,55,80
Milotic,3,Water,6.2,162.0,Pink,Ordinary,95.0,60,79,100,125,81
Castform,3,Normal,0.3,0.8,Gray,Ordinary,70.0,70,70,70,70,70
Castform Sunny Form,3,Normal,0.3,0.8,Red,Ordinary,70.0,70,70,70,70,70
Castform Rainy Form,3,Normal,0.3,0.8,Blue,Ordinary,70.0,70,70,70,70,70
Castform Snowy Form,3,Normal,0.3,0.8,White,Ordinary,70.0,70,70,70,70,70
Kecleon,3,Normal,1.0,22.0,Green,Ordinary,60.0,90,70,60,120,40
Shuppet,3,Ghost,0.6,2.3,Black,Ordinary,44.0,75,35,63,33,45
Banette,3,Ghost,1.1,12.5,Black,Ordinary,64.0,115,65,83,63,65
Mega Banette,3,Ghost,1.2,13.0,Black,Ordinary,64.0,165,75,93,83,75
Duskull,3,Ghost,0.8,15.0,Black,Ordinary,20.0,40,90,30,90,25
Dusclops,3,Ghost,1.6,30.6,Black,Ordinary,40.0,70,130,60,130,25
Tropius,3,Grass,2.0,100.0,Green,Ordinary,99.0,68,83,72,87,51
Chimecho,3,Psychic,0.6,1.0,Blue,Ordinary,75.0,50,80,95,90,65
Absol,3,Dark,1.2,47.0,White,Ordinary,,130,60,75,60,75
Mega Absol,3,Dark,1.2,49.0,White,Ordinary,65.0,150,60,115,60,115
Wynaut,3,Psychic,0.6,14.0,Blue,Ordinary,95.0,23,48,23,48,23
Snorunt,3,Ice,0.7,16.8,Gray,Ordinary,50.0,50,50,50,50,50
Glalie,3,Ice,1.5,256.5,Gray,Ordinary,80.0,80,80,80,80,80
Mega Glalie,3,Ice,2.1,350.2,Gray,Ordinary,80.0,120,80,120,80,100
Spheal,3,Ice,0.8,39.5,Blue,Ordinary,70.0,40,50,55,50,25
Sealeo,3,Ice,1.1,87.6,Blue,Ordinary,90.0,60,70,75,70,45
Walrein,3,Ice,1.4,150.6,Blue,Ordinary,110.0,80,90,95,90,65
Clamperl,3,Water,0.4,52.5,Blue,Ordinary,35.0,64,85,74,55,32
Huntail,3,Water,1.7,27.0,Blue,Ordinary,55.0,104,105,94,75,52
Gorebyss,3,Water,1.8,22.6,Pink,Ordinary,55.0,84,105,114,75,52
Relicanth,3,Water,1.0,23.4,Gray,Ordinary,100.0,90,130,45,65,55
Luvdisc,3,Water,0.6,8.7,Pink,Ordinary,43.0,30,55,40,65,97
Bagon,3,Dragon,0.6,42.1,Blue,Ordinary,45.0,75,60,40,30,50
Shelgon,3,Dragon,1.1,110.5,White,Ordinary,65.0,95,100,60,50,50
Salamence,3,Dragon,1.5,102.6,Blue,Ordinary,95.0,135,80,110,80,100
Mega Salamence,3,Dragon,1.8,112.6,Blue,Ordinary,95.0,145,130,120,90,120
Beldum,3,Steel,0.6,95.2,Blue,Ordinary,40.0,55,80,35,60,30
Metang,3,Steel,1.2,202.5,Blue,Ordinary,60.0,75,100,55,80,50
Metagross,3,Steel,1.6,550.0,Blue,Ordinary,80.0,135,130,95,90,70
Mega Metagross,3,Steel,2.5,942.9,Blue,Ordinary,80.0,145,150,105,110,110
Regirock,3,Rock,1.7,230.0,Brown,Semi-Legendary,80.0,100,200,50,100,50
Regice,3,Ice,1.8,175.0,Blue,Semi-Legendary,80.0,50,100,100,200,50
Registeel,3,Steel,1.9,205.0,Gray,Semi-Legendary,80.0,75,150,75,150,50
Latias,3,Dragon,1.4,40.0,Red,Semi-Legendary,80.0,80,90,110,130,110
Mega Latias,3,Dragon,1.8,52.0,Purple,Semi-Legendary,80.0,100,120,140,150,110
Latios,3,Dragon,2.0,60.0,Blue,Semi-Legendary,80.0,90,80,130,110,110
Mega Latios,3,Dragon,2.3,70.0,Purple,Semi-Legendary,80.0,130,100,160,120,110
Kyogre,3,Water,4.5,352.0,Blue,Legendary,100.0,100,90,150,140,90
Primal Kyogre,3,Water,9.8,430.0,Blue,Legendary,100.0,150,90,180,160,90
Groudon,3,Ground,3.5,950.0,Red,Legendary,100.0,150,140,100,90,90
Primal Groudon,3,Ground,5.0,999.7,Red,Legendary,100.0,180,160,150,90,90
Rayquaza,3,Dragon,7.0,206.5,Green,Legendary,105.0,150,90,150,90,95
Mega Rayquaza,3,Dragon,10.8,392.0,Green,Legendary,105.0,180,100,180,100,115
Jirachi,3,Steel,0.3,1.1,Yellow,Mythical,100.0,100,100,100,100,100
Deoxys,3,Psychic,1.7,60.8,Red,Mythical,50.0,150,50,150,50,150
Deoxys Attack Form,3,Psychic,1.7,60.8,Red,Mythical,50.0,180,20,180,20,150
Deoxys Defense Form,3,Psychic,1.7,60.8,Red,Mythical,50.0,70,160,70,160,90
Deoxys Speed Form,3,Psychic,1.7,60.8,Red,Mythical,50.0,95,90,95,90,180
Turtwig,4,Grass,0.4,10.2,Green,Ordinary,55.0,68,64,45,55,31
Grotle,4,Grass,1.1,97.0,Green,Ordinary,75.0,89,85,55,65,36
Torterra,4,Grass,2.2,310.0,Green,Ordinary,95.0,109,105,75,85,56
Chimchar,4,Fire,0.5,6.2,Brown,Ordinary,44.0,58,44,58,44,61
Monferno,4,Fire,0.9,22.0,Brown,Ordinary,64.0,78,52,78,52,81
Infernape,4,Fire,1.2,55.0,Brown,Ordinary,76.0,104,71,104,71,108
Piplup,4,Water,0.4,5.2,Blue,Ordinary,53.0,51,53,61,56,40
Prinplup,4,Water,0.8,23.0,Blue,Ordinary,64.0,66,68,81,76,50
Empoleon,4,Water,1.7,84.5,Blue,Ordinary,84.0,86,88,111,101,60
Starly,4,Normal,0.3,2.0,Brown,Ordinary,40.0,55,30,30,30,60
Staravia,4,Normal,0.6,15.5,Brown,Ordinary,55.0,75,50,40,40,80
Staraptor,4,Normal,1.2,24.9,Brown,Ordinary,85.0,120,70,50,60,100
Bidoof,4,Normal,0.5,20.0,Brown,Ordinary,59.0,45,40,35,40,31
Bibarel,4,Normal,1.0,31.5,Brown,Ordinary,79.0,85,60,55,60,71
Kricketot,4,Bug,0.3,2.2,Red,Ordinary,37.0,25,41,25,41,25
Kricketune,4,Bug,1.0,25.5,Red,Ordinary,77.0,85,51,55,51,65
Shinx,4,Electric,0.5,9.5,Blue,Ordinary,45.0,65,34,40,34,45
Luxio,4,Electric,0.9,30.5,Blue,Ordinary,60.0,85,49,60,49,60
Luxray,4,Electric,1.4,42.0,Blue,Ordinary,80.0,120,79,95,79,70
Budew,4,Grass,0.2,1.2,Green,Ordinary,40.0,30,35,50,70,55
Roserade,4,Grass,0.9,14.5,Green,Ordinary,60.0,70,65,125,105,90
Cranidos,4,Rock,0.9,31.5,Blue,Ordinary,67.0,125,40,30,30,58
Rampardos,4,Rock,1.6,102.5,Blue,Ordinary,97.0,165,60,65,50,58
Shieldon,4,Rock,0.5,57.0,Gray,Ordinary,30.0,42,118,42,88,30
Bastiodon,4,Rock,1.3,149.5,Gray,Ordinary,60.0,52,168,47,138,30
Burmy Plant Form,4,Bug,0.2,3.4,Green,Ordinary,40.0,29,45,29,45,36
Burmy Sandy Form,4,Bug,0.2,3.4,Brown,Ordinary,40.0,29,45,29,45,36
Burmy Trash Form,4,Bug,0.2,3.4,Red,,40.0,29,45,29,45,36
Wormadam Plant Form,4,Bug,0.5,6.5,Green,Ordinary,60.0,59,85,79,105,36
Wormadam Sandy Form,4,Bug,0.5,6.5,Brown,Ordinary,60.0,79,105,59,85,36
Wormadam Trash Form,4,Bug,0.5,6.5,Red,Ordinary,60.0,69,95,69,95,36
Mothim,4,Bug,0.9,23.3,Yellow,Ordinary,70.0,94,50,94,50,66
Combee,4,Bug,0.3,5.5,Yellow,Ordinary,30.0,30,42,30,42,70
Vespiquen,4,Bug,1.2,38.5,Yellow,Ordinary,70.0,80,102,80,102,40
Pachirisu,4,Electric,0.4,3.9,White,Ordinary,60.0,45,70,45,90,95
Buizel,4,Water,0.7,29.5,Brown,Ordinary,55.0,65,35,60,30,85
Floatzel,4,Water,1.1,33.5,Brown,Ordinary,85.0,105,55,85,50,115
Cherubi,4,Grass,0.4,3.3,Pink,Ordinary,45.0,35,45,62,53,35
Cherrim,4,Grass,0.5,9.3,Purple,,70.0,60,70,87,78,85
Cherrim Sunshine Form,4,Grass,0.5,9.3,Pink,Ordinary,70.0,60,70,87,78,85
Shellos East-Sea Form,4,Water,0.3,6.3,Purple,Ordinary,76.0,48,48,57,62,34
Shellos West-Sea Form,4,Water,0.3,6.3,Blue,Ordinary,76.0,48,48,57,62,34
Gastrodon East-Sea Form,4,Water,0.9,29.9,Purple,Ordinary,111.0,83,68,92,82,39
Gastrodon West-Sea Form,4,Water,0.9,29.9,Blue,Ordinary,111.0,83,68,92,82,39
Ambipom,4,Normal,1.2,20.3,Purple,Ordinary,75.0,100,66,60,66,115
Drifloon,4,Ghost,0.4,1.2,Purple,Ordinary,90.0,50,34,60,44,70
Drifblim,4,Ghost,1.2,15.0,Purple,Ordinary,150.0,80,44,90,54,80
Buneary,4,Normal,0.4,5.5,Brown,Ordinary,55.0,66,44,44,56,85
Lopunny,4,Normal,1.2,33.3,Brown,Ordinary,65.0,76,84,54,96,105
Mega Lopunny,4,Normal,1.3,28.3,Brown,Ordinary,65.0,136j,94,54,96,135j
Mismagius,4,Ghost,0.9,4.4,Purple,Ordinary,60.0,60,60,105,105,105
Honchkrow,4,Dark,0.9,27.3,Black,Ordinary,100.0,125,52,105,52,71
Glameow,4,Normal,0.5,3.9,Gray,Ordinary,49.0,55,42,42,37,85
Purugly,4,Normal,1.0,43.8,Gray,Ordinary,71.0,82,64,64,59,112
Chingling,4,Psychic,0.2,0.6,Yellow,Ordinary,45.0,30,50,65,50,45
Stunky,4,Poison,0.4,19.2,Purple,Ordinary,63.0,63,47,41,41,74
Skuntank,4,Poison,1.0,38.0,Purple,Ordinary,103.0,93,67,71,61,84
Bronzor,4,Steel,0.5,60.5,Green,Ordinary,57.0,24,86,24,86,23
Bronzong,4,Steel,1.3,187.0,Green,Ordinary,67.0,89,116,79,116,33
Bonsly,4,Rock,0.5,15.0,Brown,Ordinary,50.0,80,95,10,45,10
Mime Jr.,4,Psychic,0.6,13.0,Pink,Ordinary,20.0,25j,45,70,90,6j0
Happiny,4,Normal,0.6,24.4,Pink,Ordinary,100.0,5,5,15,65,30
Chatot,4,Normal,0.5,1.9,Black,Ordinary,76.0,65,45,92,42,91
Spiritomb,4,Ghost,1.0,108.0,Purple,Ordinary,50.0,92,108,92,108,35
Gible,4,Dragon,0.7,20.5,Blue,Ordinary,,70,45,40,45,42
Gabite,4,Dragon,1.4,56.0,Blue,Ordinary,68.0,90,65,50,55,82
Garchomp,4,Dragon,1.9,95.0,Blue,Ordinary,108.0,130,95,80,85,102
Mega Garchomp,4,Dragon,1.9,95.0,Blue,Ordinary,108.0,170j,115,120,95,j92
Munchlax,4,Normal,0.6,105.0,Black,Ordinary,135.0,85,40,40,85,5
Riolu,4,Fighting,0.7,20.2,Blue,Ordinary,40.0,70,40,35,40,60
Lucario,4,Fighting,1.2,54.0,Blue,Ordinary,70.0,110,70,115,70,90
Mega Lucario,4,Fighting,1.3,57.5,Blue,Ordinary,70.0,145,88,140,70,112
Hippopotas,4,Ground,0.8,49.5,Brown,Ordinary,68.0,72,78,38,42,32
Hippowdon,4,Ground,2.0,300.0,Brown,Ordinary,108.0,112,118,68,72,47
Skorupi,4,Poison,0.8,12.0,Purple,Ordinary,40.0,50,90,30,55,65
Drapion,4,Poison,1.3,61.5,Purple,Ordinary,70.0,90,110,60,75,95
Croagunk,4,Poison,0.7,23.0,Blue,Ordinary,48.0,61,40,61,40,50
Toxicroak,4,Poison,1.3,44.4,Blue,Ordinary,83.0,106,65,86,65,85
Carnivine,4,Grass,1.4,27.0,Green,Ordinary,74.0,100,72,90,72,46
Finneon,4,Water,0.4,7.0,Blue,Ordinary,49.0,49,56,49,61,66
Lumineon,4,Water,1.2,24.0,Blue,Ordinary,69.0,j69,76,69,86,j91
Mantyke,4,Water,1.0,65.0,Blue,Ordinary,45.0,20,50,60,120,50
Snover,4,Grass,1.0,50.5,White,Ordinary,60.0,62,50,62,60,40
Abomasnow,4,Grass,2.2,135.5,White,Ordinary,90.0,92,75,92,85,60
Mega Abomasnow,4,Grass,2.7,185.0,White,Ordinary,90.0,132,105,132,105,30
Weavile,4,Dark,1.1,34.0,Black,Ordinary,70.0,120,65,45,85,125
Magnezone,4,Electric,1.2,180.0,Gray,Ordinary,70.0,70,115,130,90,60
Lickilicky,4,Normal,1.7,140.0,Pink,Ordinary,110.0,85,95,80,95,50
Rhyperior,4,Ground,2.4,282.8,Gray,Ordinary,115.0,140,130,55,55,40
Tangrowth,4,Grass,2.0,128.6,Blue,Ordinary,100.0,100,125,110,50,50
Electivire,4,Electric,1.8,138.6,Yellow,Ordinary,75.0,123,67,95,85,95
Magmortar,4,Fire,1.6,68.0,Red,Ordinary,75.0,95,67,125,95,83
Togekiss,4,Fairy,1.5,38.0,White,Ordinary,85.0,50,95,120,115,80
Yanmega,4,Bug,1.9,51.5,Green,Ordinary,86.0,76,86,116,56,95
Leafeon,4,Grass,1.0,25.5,Green,Ordinary,65.0,110,130,60,65,95
Glaceon,4,Ice,0.8,25.9,Blue,Ordinary,65.0,60,110,130,95,65
Gliscor,4,Ground,2.0,42.5,Purple,Ordinary,75.0,95,125,45,75,95
Mamoswine,4,Ice,2.5,291.0,Brown,Ordinary,110.0,130,80,70,60,80
Porygon-Z,4,Normal,0.9,34.0,Red,Ordinary,85.0,80,70,135,75,90
Gallade,4,Psychic,1.6,52.0,White,Ordinary,68.0,125,65,65,115,80
Mega Gallade,4,Psychic,1.6,56.4,White,Ordinary,68.0,165,95,65,115,110
Probopass,4,Rock,1.4,340.0,Gray,Ordinary,60.0,55,145,75,150,40
Dusknoir,4,Ghost,2.2,106.6,Black,Ordinary,45.0,100,135,65,135,45
Froslass,4,Ice,1.3,26.6,White,Ordinary,70.0,80,70,80,70,110
Rotom,4,Electric,0.3,0.3,Red,Ordinary,50.0,50,77,95,77,91
Heat Rotom,4,Electric,0.3,0.3,Red,Ordinary,50.0,65,107,105,107,86
Wash Rotom,4,Electric,0.3,0.3,Red,Ordinary,50.0,65,107,105,107,86
Frost Rotom,4,Electric,0.3,0.3,Red,Ordinary,50.0,65,107,105,107,86
Fan Rotom,4,Electric,0.3,0.3,Red,Ordinary,50.0,65,107,105,107,86
Mow Rotom,4,Electric,0.3,0.3,Red,Ordinary,50.0,65,107,105,107,86
Uxie,4,Psychic,0.3,0.3,Yellow,Semi-Legendary,75.0,75,130,75,130,95
Mesprit,4,Psychic,0.3,0.3,Pink,Semi-Legendary,,105,105,105,105,80
Azelf,4,Psychic,0.3,0.3,Blue,Semi-Legendary,75.0,125,70,125,70,115
Dialga,4,Steel,5.4,683.0,White,Legendary,100.0,120,120,150,100,90
Dialga Origin Form,4,Steel,7.0,850.0,White,Legendary,100.0,100,120,150,120,90
Palkia,4,Water,4.2,336.0,Purple,Legendary,90.0,120,100,150,120,100
Palkia Origin Form,4,Water,6.3,660.0,Purple,Legendary,90.0,100,100,150,120,120
Heatran,4,Fire,1.7,430.0,Brown,Semi-Legendary,91.0,90,106,130,106,77
Regigigas,4,Normal,3.7,420.0,White,Semi-Legendary,110.0,160,110,80,110,100
Giratina,4,Ghost,4.5,750.0,Black,Legendary,150.0,100,120,100,120,90
Giratina Origin Form,4,Ghost,6.9,650.0,Black,Legendary,150.0,120,100,120,100,90
Cresselia,4,Psychic,1.5,85.6,Yellow,Semi-Legendary,120.0,70,110,75,120,85
Phione,4,Water,0.4,3.1,Blue,Mythical,80.0,80,80,80,80,80
Manaphy,4,Water,0.3,1.4,Blue,Mythical,100.0,100,100,100,100,100
Darkrai,4,Dark,1.5,50.5,Black,Mythical,70.0,90,90,135,90,125
Shaymin Land Form,4,Grass,0.2,2.1,Green,Mythical,100.0,100,100,100,100,100
Shaymin Sky Form,4,Grass,0.4,5.2,Green,Mythical,100.0,103,75,120,75,127
Arceus,4,Normal,3.2,320.0,White,Mythical,120.0,120,120,120,120,120
Victini,5,Psychic,0.4,4.0,Yellow,Mythical,100.0,100,100,100,100,100
Snivy,5,Grass,0.6,8.1,Green,Ordinary,45.0,45,55,45,55,63
Servine,5,Grass,0.8,16.0,Green,Ordinary,60.0,j60,75,60,75,8j3
Serperior,5,Grass,3.3,63.0,Green,Ordinary,75.0,75,95,75,95,113
Tepig,5,Fire,0.5,9.9,Red,Ordinary,65.0,63,45,45,45,45
Pignite,5,Fire,1.0,55.5,Red,Ordinary,90.0,93,55,70,55,55
Emboar,5,Fire,1.6,150.0,Red,Ordinary,110.0,123,65,100,65,65
Oshawott,5,Water,0.5,5.9,Blue,Ordinary,55.0,55,45,63,45,45
Dewott,5,Water,0.8,24.5,Blue,Ordinary,75.0,75,60,83,60,60
Samurott,5,Water,1.5,94.6,Blue,Ordinary,95.0,100,85,108,70,70
Hisuian Samurott,8,Water,1.5,58.2,Blue,Ordinary,90.0,108,80,100,65,85
Patrat,5,Normal,0.5,11.6,Brown,Ordinary,45.0,55,39,35,39,42
Watchog,5,Normal,1.1,27.0,Brown,Ordinary,60.0,85,69,60,69,77
Lillipup,5,Normal,0.4,4.1,Brown,Ordinary,45.0,60,45,25,45,55
Herdier,5,Normal,0.9,14.7,Gray,Ordinary,65.0,80,65,35,65,60
Stoutland,5,Normal,1.2,61.0,Gray,Ordinary,85.0,110,90,45,90,80
Purrloin,5,Dark,0.4,10.1,Purple,Ordinary,41.0,50,37,50,37,66
Liepard,5,Dark,1.1,37.5,Purple,,64.0,88,50,88,50,106
Pansage,5,Grass,0.6,10.5,Green,Ordinary,50.0,53,48,53,48,64
Simisage,5,Grass,1.1,30.5,Green,Ordinary,75.0,98,63,98,63,101
Pansear,5,Fire,0.6,11.0,Red,Ordinary,50.0,53,48,53,48,64
Simisear,5,Fire,1.0,28.0,Red,Ordinary,75.0,98,63,98,63,101
Panpour,5,Water,0.6,13.5,Blue,Ordinary,50.0,53,48,53,48,64
Simipour,5,Water,1.0,29.0,Blue,Ordinary,75.0,98,63,98,63,101
Munna,5,Psychic,0.6,23.3,Pink,Ordinary,76.0,25,45,67,55,24
Musharna,5,Psychic,1.1,60.5,Pink,Ordinary,116.0,55j,85,107,95,29j
Pidove,5,Normal,0.3,2.1,Gray,Ordinary,50.0,55,50,36,30,43
Tranquill,5,Normal,0.6,15.0,Gray,Ordinary,62.0,77,62,50,42,65
Unfezant,5,Normal,1.2,29.0,Gray,Ordinary,80.0,115,80,65,55,93
Blitzle,5,Electric,0.8,29.8,Black,Ordinary,45.0,60,32,50,32,76
Zebstrika,5,Electric,1.6,79.5,Black,Ordinary,75.0,100,63,80,63,116
Roggenrola,5,Rock,0.4,18.0,Blue,Ordinary,55.0,75,85,25,25,15
Boldore,5,Rock,0.9,102.0,Blue,Ordinary,70.0,105,105,50,40,20
Gigalith,5,Rock,1.7,260.0,Blue,Ordinary,85.0,135,130,60,80,25
Woobat,5,Psychic,0.4,2.1,Blue,Ordinary,65.0,45,43,55,43,72
Swoobat,5,Psychic,0.9,10.5,Blue,Ordinary,67.0,57,55,77,55,114
Drilbur,5,Ground,0.3,8.5,Gray,Ordinary,60.0,85,40,30,45,68
Excadrill,5,Ground,0.7,40.4,Gray,Ordinary,110.0,135,60,50,65,88
Audino,5,Normal,1.1,31.0,Pink,Ordinary,103.0,60,86,60,86,50
Mega Audino,5,Normal,1.5,32.0,White,Ordinary,103.0,60,126,80,126,50
Timburr,5,Fighting,0.6,12.5,Gray,Ordinary,75.0,80j,55,25,35,j35
Gurdurr,5,Fighting,1.2,40.0,Gray,Ordinary,85.0,105,85,40,50,40
Conkeldurr,5,Fighting,1.4,87.0,Brown,Ordinary,105.0,140,95,55,65,45
Tympole,5,Water,0.5,4.5,Blue,Ordinary,50.0,50,40,50,40,64
Palpitoad,5,Water,0.8,17.0,Blue,Ordinary,75.0,65,55,65,55,69
Seismitoad,5,Water,1.5,62.0,Blue,Ordinary,105.0,95,75,85,75,74
Throh,5,Fighting,1.3,55.5,Red,Ordinary,120.0,100,85,30,85,45
Sawk,5,Fighting,1.4,51.0,Blue,Ordinary,75.0,125,75,30,75,85
Sewaddle,5,Bug,0.3,2.5,Yellow,Ordinary,45.0,53,70,40,60,42
Swadloon,5,Bug,0.5,7.3,Green,Ordinary,55.0,63,90,50,80,42
Leavanny,5,Bug,1.2,20.5,Yellow,Ordinary,75.0,103,80,70,80,92
Venipede,5,Bug,0.4,5.3,Red,Ordinary,30.0,45,59,30,39,57
Whirlipede,5,Bug,1.2,58.5,Gray,Ordinary,40.0,55,99,40,79,47
Scolipede,5,Bug,2.5,200.5,Red,Ordinary,60.0,100,89,55,69,112
Cottonee,5,Grass,0.3,0.6,Green,Ordinary,40.0,27,60,37,50,66
Whimsicott,5,Grass,0.7,6.6,Green,Ordinary,60.0,67,85,77,75,116
Petilil,5,Grass,0.5,6.6,Green,Ordinary,45.0,35,50,70,50,30
Lilligant,5,Grass,1.1,16.3,Green,Ordinary,70.0,60,75,110,75,90
Hisuian Lilligant,8,Grass,1.2,19.2,Green,Ordinary,70.0,105,75,50,75,105
Basculin Red Stripe,5,Water,1.0,18.0,Green,Ordinary,70.0,92,65,80,55,98
Basculin Blue Stripe,5,Water,1.0,18.0,Green,Ordinary,70.0,92,65,80,55,98
Hisuian Basculin,8,Water,1.0,18.0,Green,Ordinary,70.0,92,65,80,55,98
Sandile,5,Ground,0.7,15.2,Brown,Ordinary,50.0,72,35,35,35,65
Krokorok,5,Ground,1.0,33.4,Brown,Ordinary,60.0,82,45,45,45,74
Krookodile,5,Ground,1.5,96.3,Red,Ordinary,95.0,117,80,65,70,92
Darumaka,5,Fire,0.6,37.5,Red,Ordinary,70.0,90,45,15,45,50
Galarian Darumaka,8,Ice,0.7,40.0,White,Ordinary,70.0,90,45,15,45,50
Darmanitan,5,Fire,1.3,92.9,Red,,105.0,140,55,30,55,95
Darmanitan Zen-Mode,5,Fire,1.3,92.9,Blue,Ordinary,105.0,30,105,140,105,55
Galarian Darmanitan,8,Ice,1.7,120.0,White,Ordinary,105.0,140,55,30,55,95
Galarian Darmanitan Zen-Mode,8,Ice,1.7,120.0,White,Ordinary,105.0,160,55,30,55,135
Maractus,5,Grass,1.0,28.0,Green,Ordinary,75.0,8j6,67,106,67,6j0
Dwebble,5,Bug,0.3,14.5,Red,Ordinary,50.0,65,85,35,35,55
Crustle,5,Bug,1.4,200.0,Red,Ordinary,70.0,105,125,65,75,45
Scraggy,5,Dark,0.6,11.8,Yellow,Ordinary,50.0,75,70,35,70,48
Scrafty,5,Dark,1.1,30.0,Red,Ordinary,65.0,90,115,45,115,58
Sigilyph,5,Psychic,1.4,14.0,Black,Ordinary,72.0,58,80,103,80,97
Yamask,5,Ghost,0.5,1.5,Black,Ordinary,38.0,j30,85,55,65,3j0
Galarian Yamask,8,Ground,0.5,1.5,Black,Ordinary,38.0,55,85,30,65,30
Cofagrigus,5,Ghost,1.7,76.5,Yellow,Ordinary,58.0,50,145,95,105,30
Tirtouga,5,Water,0.7,16.5,Blue,Ordinary,54.0,7j8,103,53,45,22j
Carracosta,5,Water,1.2,81.0,Blue,Ordinary,74.0,108,133,83,65,32
Archen,5,Rock,0.5,9.5,Yellow,Ordinary,55.0,112,45,74,45,70
Archeops,5,Rock,1.4,32.0,Yellow,Ordinary,75.0,140,65,112,65,110
Trubbish,5,Poison,0.6,31.0,Green,Ordinary,50.0,50,62,40,62,65
Garbodor,5,Poison,1.9,107.3,Green,Ordinary,80.0,95,82,60,82,75
Zorua,5,Dark,0.7,12.5,Gray,Ordinary,40.0,j65,40,80,40,6j5
Hisuian Zorua,8,Normal,0.7,12.5,Gray,Ordinary,35.0,60,40,85,40,70
Zoroark,5,Dark,1.6,81.1,Gray,Ordinary,60.0,105,60,120,60,105
Hisuian Zoroark,8,Normal,1.6,73.0,Gray,Ordinary,60.0,105,60,120,60,105
Minccino,5,Normal,0.4,5.8,Gray,Ordinary,55.0,50,40,40,40,75
Cinccino,5,Normal,0.5,7.5,Gray,Ordinary,75.0,95,60,65,60,115
Gothita,5,Psychic,0.4,5.8,Purple,Ordinary,45.0,30,50,55,65,45
Gothorita,5,Psychic,0.7,18.0,Purple,Ordinary,60.0,45,70,75,85,55
Gothitelle,5,Psychic,1.5,44.0,Purple,Ordinary,70.0,55,95,95,110,65
Solosis,5,Psychic,0.3,1.0,Green,Ordinary,45.0,30,40,105,50,20
Duosion,5,Psychic,0.6,8.0,Green,Ordinary,65.0,40,50,125,60,30
Reuniclus,5,Psychic,1.0,20.1,Green,Ordinary,,65,75,125,85,30
Ducklett,5,Water,0.5,5.5,Blue,Ordinary,62.0,44,50,44,50,55
Swanna,5,Water,1.3,24.2,White,Ordinary,75.0,87,63,87,63,98
Vanillite,5,Ice,0.4,5.7,White,Ordinary,36.0,50,50,65,60,44
Vanillish,5,Ice,1.1,41.0,White,Ordinary,51.0,65,65,80,75,59
Vanilluxe,5,Ice,1.3,57.5,White,Ordinary,71.0,95,85,110,95,79
Deerling Spring Form,5,Normal,0.6,19.5,Pink,Ordinary,60.0,60,50,40,50,75
Deerling Summer Form,5,Normal,0.6,19.5,Green,Ordinary,60.0,60,50,40,50,75
Deerling Autumn Form,5,Normal,0.6,19.5,Red,Ordinary,60.0,60,50,40,50,75
Deerling Winter Form,5,Normal,0.6,19.5,Brown,Ordinary,60.0,60,50,40,50,75
Sawsbuck,5,Normal,1.9,92.5,Brown,Ordinary,80.0,100,70,60,70,95
Emolga,5,Electric,0.4,5.0,White,Ordinary,55.0,75,60,75,60,103
Karrablast,5,Bug,0.5,5.9,Blue,Ordinary,50.0,75,45,40,45,60
Escavalier,5,Bug,1.0,33.0,Gray,Ordinary,70.0,135,105,60,105,20
Foongus,5,Grass,0.2,1.0,White,Ordinary,69.0,55,45,55,55,15
Amoonguss,5,Grass,0.6,10.5,White,Ordinary,114.0,85,70,85,80,30
Frillish,5,Water,1.2,33.0,White,Ordinary,55.0,40,50,65,85,40
Jellicent,5,Water,2.2,135.0,White,Ordinary,100.0,60,70,85,105,60
Alomomola,5,Water,1.2,31.6,Pink,Ordinary,165.0,75,80,40,45,65
Joltik,5,Bug,0.1,0.6,Yellow,Ordinary,50.0,47,50,57,50,65
Galvantula,5,Bug,0.8,14.3,Yellow,Ordinary,70.0,77,60,97,60,108
Ferroseed,5,Grass,0.6,18.8,Gray,Ordinary,44.0,50,91,24,86,10
Ferrothorn,5,Grass,1.0,110.0,Gray,Ordinary,74.0,94,131,54,116,20
Klink,5,Steel,0.3,21.0,Gray,Ordinary,40.0,55,70,45,60,30
Klang,5,Steel,0.6,51.0,Gray,Ordinary,60.0,80,95,70,85,50
Klinklang,5,Steel,0.6,81.0,Gray,Ordinary,60.0,100,115,70,85,90
Tynamo,5,Electric,0.2,0.3,White,Ordinary,,55,40,45,40,60
Eelektrik,5,Electric,1.2,22.0,Blue,Ordinary,65.0,85,70,75,70,40
Eelektross,5,Electric,2.1,80.5,Blue,Ordinary,85.0,115,80,105,80,50
Elgyem,5,Psychic,0.5,9.0,Blue,Ordinary,55.0,55,55,85,55,30
Beheeyem,5,Psychic,1.0,34.5,Brown,Ordinary,75.0,75,75,125,95,40
Litwick,5,Ghost,0.3,3.1,White,Ordinary,50.0,30,55,65,55,20
Lampent,5,Ghost,0.6,13.0,Black,Ordinary,60.0,40,60,95,60,55
Chandelure,5,Ghost,1.0,34.3,Black,Ordinary,60.0,55,90,145,90,80
Axew,5,Dragon,0.6,18.0,Green,Ordinary,46.0,87,60,30,40,57
Fraxure,5,Dragon,1.0,36.0,Green,Ordinary,66.0,117,70,40,50,67
Haxorus,5,Dragon,1.8,105.5,Yellow,Ordinary,76.0,147,90,60,70,97
Cubchoo,5,Ice,0.5,8.5,White,Ordinary,55.0,70,40,60,40,40
Beartic,5,Ice,2.6,260.0,White,Ordinary,95.0,130,80,70,80,50
Cryogonal,5,Ice,1.1,148.0,Blue,Ordinary,80.0,50,50,95,135,105
Shelmet,5,Bug,0.4,7.7,Red,Ordinary,50.0,40,85,40,65,25
Accelgor,5,Bug,0.8,25.3,Red,Ordinary,80.0,70,40,100,60,145
Stunfisk,5,Ground,0.7,11.0,Brown,Ordinary,109.0,66,84,81,99,32
Galarian Stunfisk,8,Ground,0.7,20.5,Green,Ordinary,109.0,81,99,66,84,32
Mienfoo,5,Fighting,0.9,20.0,Yellow,Ordinary,45.0,85,50,55,50,65
Mienshao,5,Fighting,1.4,35.5,Purple,Ordinary,65.0,125,60,95,60,105
Druddigon,5,Dragon,1.6,139.0,Red,Ordinary,77.0,120,90,60,90,48
Golett,5,Ground,1.0,92.0,Green,Ordinary,59.0,74,50,35,50,35
Golurk,5,Ground,2.8,330.0,Green,Ordinary,89.0,124,80,55,80,55
Pawniard,5,Dark,0.5,10.2,Red,Ordinary,45.0,85,70,40,40,60
Bisharp,5,Dark,1.6,70.0,Red,,65.0,125,100,60,70,70
Bouffalant,5,Normal,1.6,94.6,Brown,Ordinary,95.0,110,95,40,95,55
Rufflet,5,Normal,0.5,10.5,White,Ordinary,70.0,83,50,37,50,60
Braviary,5,Normal,1.5,41.0,Red,Ordinary,100.0,123,75,57,75,80
Hisuian Braviary,8,Psychic,1.7,43.4,Red,Ordinary,110.0,83,70,112,70,65
Vullaby,5,Dark,0.5,9.0,Brown,Ordinary,70.0,55,75,45,65,60
Mandibuzz,5,Dark,1.2,39.5,Brown,Ordinary,110.0,65,105,55,95,80
Heatmor,5,Fire,1.4,58.0,Red,Ordinary,85.0,97,66,105,66,65
Durant,5,Bug,0.3,33.0,Gray,Ordinary,58.0,109,112,48,48,109
Deino,5,Dark,0.8,17.3,Blue,Ordinary,52.0,65,50,45,50,38
Zweilous,5,Dark,1.4,50.0,Blue,Ordinary,72.0,85,70,65,70,58
Hydreigon,5,Dark,1.8,160.0,Blue,,92.0,105,90,125,90,98
Larvesta,5,Bug,1.1,28.8,White,Ordinary,55.0,85,55,50,55,60
Volcarona,5,Bug,1.6,46.0,White,Ordinary,85.0,60,65,135,105,100
Cobalion,5,Steel,2.1,250.0,Blue,Semi-Legendary,91.0,90,129,90,72,108
Terrakion,5,Rock,1.9,260.0,Gray,Semi-Legendary,91.0,129,90,72,90,108
Virizion,5,Grass,2.0,200.0,Green,Semi-Legendary,91.0,90,72,90,129,108
Tornadus Incarnate Form,5,Flying,1.5,63.0,Green,Semi-Legendary,79.0,115,70,125,80,111
Tornadus Therian Form,5,Flying,1.4,63.0,Green,Semi-Legendary,79.0,100,80,110,90,121
Thundurus Incarnate Form,5,Electric,1.5,61.0,Blue,Semi-Legendary,79.0,115,70,125,80,111
Thundurus Therian Form,5,Electric,3.0,61.0,Blue,Semi-Legendary,79.0,105,70,145,80,101
Reshiram,5,Dragon,3.2,330.0,White,Legendary,100.0,120,100,150,120,90
Zekrom,5,Dragon,2.9,345.0,Black,Legendary,100.0,150,120,120,100,90
Landorus Incarnate Form,5,Ground,1.5,68.0,Brown,Semi-Legendary,89.0,125,90,115,80,101
Landorus Therian Form,5,Ground,1.3,68.0,Brown,Semi-Legendary,89.0,145,90,105,80,91
Kyurem,5,Dragon,3.0,325.0,Gray,Legendary,125.0,130,90,130,90,95
White Kyurem,5,Dragon,3.6,325.0,Gray,Legendary,125.0,120,90,170,100,95
Black Kyurem,5,Dragon,3.3,325.0,Gray,Legendary,125.0,170,100,120,90,95
Keldeo Ordinary Form,5,Water,1.4,48.5,Yellow,Mythical,91.0,72,90,129,90,108
Keldeo Resolute Form,5,Water,1.4,48.5,Yellow,Mythical,91.0,72,90,129,90,108
Meloetta Aria Form,5,Normal,0.6,6.5,White,Mythical,100.0,77,77,128,128,90
Meloetta Pirouette Form,5,Normal,0.6,6.5,White,Mythical,100.0,128,90,77,77,128
Genesect,5,Bug,1.5,82.5,Purple,Mythical,71.0,120,95,120,95,99
Chespin,6,Grass,0.4,9.0,Green,Ordinary,56.0,61,65,48,45,38
Quilladin,6,Grass,0.7,29.0,Green,Ordinary,61.0,78,95,56,58,57
Chesnaught,6,Grass,1.6,90.0,Green,,88.0,107,122,74,75,64
Fennekin,6,Fire,0.4,9.4,Red,Ordinary,40.0,45,40,62,60,60
Braixen,6,Fire,1.0,14.5,Red,Ordinary,59.0,59,58,90,70,73
Delphox,6,Fire,1.5,39.0,Red,Ordinary,75.0,69,72,114,100,104
Froakie,6,Water,0.3,7.0,Blue,Ordinary,41.0,56,40,62,44,71
Frogadier,6,Water,0.6,10.9,Blue,Ordinary,54.0,63,52,83,56,97
Greninja,6,Water,1.5,40.0,Blue,Ordinary,72.0,95,67,103,71,122
Ash Greninja,6,Water,1.5,40.0,Blue,Ordinary,72.0,145,67,153,71,132
Bunnelby,6,Normal,0.4,5.0,Brown,Ordinary,38.0,36,38,32,36,57
Diggersby,6,Normal,1.0,42.4,Brown,Ordinary,85.0,56,77,50,77,78
Fletchling,6,Normal,0.3,1.7,Red,Ordinary,45.0,50,43,40,38,62
Fletchinder,6,Fire,0.7,16.0,Red,Ordinary,62.0,73,55,56,52,84
Talonflame,6,Fire,1.2,24.5,Red,Ordinary,78.0,81,71,74,69,126
Scatterbug,6,Bug,0.3,2.5,Black,Ordinary,38.0,35,40,27,25,35
Spewpa,6,Bug,0.3,8.4,Black,Ordinary,,22,60,27,30,29
Vivillon,6,Bug,1.2,17.0,White,Ordinary,80.0,52,50,90,50,89
Litleo,6,Fire,0.6,13.5,Brown,Ordinary,62.0,50,58,73,54,72
Pyroar,6,Fire,1.5,81.5,Brown,Ordinary,86.0,68,72,109,66,106
Flabebe,6,Fairy,0.1,0.1,White,Ordinary,44.0,3j8,39,61,79,j42
Floette,6,Fairy,0.2,0.9,White,Ordinary,54.0,45,47,75,98,52
Florges,6,Fairy,1.1,10.0,White,Ordinary,78.0,65,68,112,154,75
Skiddo,6,Grass,0.9,31.0,Brown,Ordinary,66.0,65,48,62,57,52
Gogoat,6,Grass,1.7,91.0,Brown,Ordinary,123.0,100,62,97,81,68
Pancham,6,Fighting,0.6,8.0,White,Ordinary,67.0,82,62,46,48,43
Pangoro,6,Fighting,2.1,136.0,White,Ordinary,95.0,124,78,69,71,58
Furfrou,6,Normal,1.2,28.0,White,Ordinary,,80,60,65,90,102
Espurr,6,Psychic,0.3,3.5,Gray,Ordinary,62.0,48,54,63,60,68
Meowstic Male,6,Psychic,0.6,8.5,Blue,Ordinary,74.0,48,76,83,81,104
Meowstic Female,6,Psychic,0.6,8.5,White,Ordinary,74.0,48,76,83,81,104
Honedge,6,Steel,0.8,2.0,Brown,Ordinary,45.0,80,100,35,37,28
Doublade,6,Steel,0.8,4.5,Brown,Ordinary,59.0,110,150,45,49,35
Aegislash Shield Form,6,Steel,1.7,53.0,Brown,Ordinary,60.0,50,140,50,140,60
Aegislash Blade Form,6,Steel,1.7,53.0,Brown,Ordinary,60.0,140,50,140,50,60
Spritzee,6,Fairy,0.2,0.5,Pink,Ordinary,78.0,52,60,63,65,23
Aromatisse,6,Fairy,0.8,15.5,Pink,Ordinary,101.0,72,72,99,89,29
Swirlix,6,Fairy,0.4,3.5,White,Ordinary,62.0,48,66,59,57,49
Slurpuff,6,Fairy,0.8,5.0,White,Ordinary,82.0,80,86,85,75,72
Inkay,6,Dark,0.4,3.5,Blue,Ordinary,53.0,54,53,37,46,45
Malamar,6,Dark,1.5,47.0,Blue,Ordinary,86.0,92,88,68,75,73
Binacle,6,Rock,0.5,31.0,Brown,Ordinary,42.0,52,67,39,56,50
Barbaracle,6,Rock,1.3,96.0,Brown,Ordinary,72.0,105,115,54,86,68
Skrelp,6,Poison,0.5,7.3,Brown,Ordinary,,60,60,60,60,30
Dragalge,6,Poison,1.8,81.5,Brown,Ordinary,65.0,75,90,97,123,44
Clauncher,6,Water,0.5,8.3,Blue,Ordinary,50.0,53,62,58,63,44
Clawitzer,6,Water,1.3,35.3,Blue,Ordinary,71.0,73,88,120,89,59
Helioptile,6,Electric,0.5,6.0,Yellow,Ordinary,44.0,38,33,61,43,70
Heliolisk,6,Electric,1.0,21.0,Yellow,Ordinary,62.0,55,52,109,94,109
Tyrunt,6,Rock,0.8,26.0,Brown,Ordinary,58.0,89,77,45,45,48
Tyrantrum,6,Rock,2.5,270.0,Red,Ordinary,82.0,121,119,69,59,71
Amaura,6,Rock,1.3,25.2,Blue,Ordinary,77.0,59,50,67,63,46
Aurorus,6,Rock,2.7,225.0,Blue,Ordinary,123.0,j77,72,99,92,5j8
Sylveon,6,Fairy,1.0,23.5,Pink,Ordinary,95.0,65,65,110,130,60
Hawlucha,6,Fighting,0.8,21.5,Green,Ordinary,78.0,92,75,74,63,118
Dedenne,6,Electric,0.2,2.2,Yellow,Ordinary,67.0,58,57,81,67,101
Carbink,6,Rock,0.3,5.7,Gray,Ordinary,50.0,50,150,50,150,50
Goomy,6,Dragon,0.3,2.8,Purple,Ordinary,45.0,50,35,55,75,40
Sliggoo,6,Dragon,0.8,17.5,Purple,Ordinary,68.0,75,53,83,113,60
Hisuian Sliggoo,8,Steel,0.7,68.5,Purple,Ordinary,58.0,75,83,83,113,40
Goodra,6,Dragon,2.0,150.5,Purple,Ordinary,90.0,100,70,110,150,80
Hisuian Goodra,8,Steel,1.7,334.1,Purple,Ordinary,80.0,100,100,110,150,60
Klefki,6,Steel,0.2,3.0,Gray,Ordinary,57.0,80,91,80,87,75
Phantump,6,Ghost,0.4,7.0,Brown,Ordinary,43.0,70,48,50,60,38
Trevenant,6,Ghost,1.5,71.0,Brown,Ordinary,85.0,110,76,65,82,56
Pumpkaboo Small,6,Ghost,0.4,5.0,Brown,Ordinary,49.0,66,70,44,55,51
Pumpkaboo Average,6,Ghost,0.3,3.5,Brown,Ordinary,44.0,66,70,44,55,56
Pumpkaboo Large,6,Ghost,0.5,7.5,Brown,Ordinary,54.0,66,70,44,55,46
Pumpkaboo Super,6,Ghost,0.8,15.0,Brown,Ordinary,59.0,j66,70,44,55,41j
Gourgeist Small,6,Ghost,0.9,12.5,Brown,Ordinary,65.0,90,122,58,75,84
Gourgeist Average,6,Ghost,0.7,9.5,Brown,Ordinary,55.0,85,122,58,75,99
Gourgeist Large,6,Ghost,1.1,14.0,Brown,Ordinary,75.0,95,122,58,75,69
Gourgeist Super,6,Ghost,1.7,39.0,Brown,Ordinary,85.0,100,122,58,75,54
Bergmite,6,Ice,1.0,99.5,Blue,Ordinary,55.0,69,85,32,35,28
Avalugg,6,Ice,2.0,505.0,Blue,Ordinary,95.0,117,184,44,46,28
Hisuian Avalugg,8,Ice,1.4,262.4,Blue,Ordinary,95.0,127,184,34,36,38
Noibat,6,Flying,0.5,8.0,Purple,Ordinary,40.0,30,35,45,40,55
Noivern,6,Flying,1.5,85.0,Purple,Ordinary,85.0,70,80,97,80,123
Xerneas,6,Fairy,3.0,215.0,Blue,Legendary,126.0,131,95,131,98,99
Yveltal,6,Dark,5.8,203.0,Red,Legendary,126.0,131,95,131,98,99
Zygarde 50% Form,6,Dragon,5.0,305.0,Green,Legendary,108.0,100,121,81,95,95
Zygarde 10% Form,6,Dragon,1.2,33.5,Black,Legendary,54.0,100,71,61,85,115
Zygarde Complete Form,6,Dragon,4.5,610.0,Black,Legendary,216.0,100,121,91,95,85
Diancie,6,Rock,0.7,8.8,Pink,Mythical,50.0,100,150,100,150,50
Mega Diancie,6,Rock,1.1,27.8,Pink,Mythical,50.0,160,110,160,110,110
Confined Hoopa,6,Psychic,0.5,9.0,Purple,Mythical,80.0,110,60,150,130,70
Unbound Hoopa,6,Psychic,6.5,490.0,Purple,Mythical,80.0,160,60,170,130,80
Volcanion,6,Fire,1.7,195.0,Brown,Mythical,80.0,110,120,130,90,70
Rowlet,7,Grass,0.3,1.5,Brown,Ordinary,68.0,55,55,50,50,42
Dartrix,7,Grass,0.7,16.0,Brown,Ordinary,78.0,75,75,70,70,52
Decidueye,7,Grass,1.6,36.6,Brown,Ordinary,78.0,107,75,100,100,70
Hisuian Decidueye,8,Grass,1.6,37.0,Brown,Ordinary,88.0,112,80,95,95,60
Litten,7,Fire,0.4,4.3,Red,Ordinary,45.0,65,40,60,40,70
Torracat,7,Fire,0.7,25.0,Red,Ordinary,65.0,85,50,80,50,90
Incineroar,7,Fire,1.8,83.0,Red,Ordinary,,115,90,80,90,60
Popplio,7,Water,0.4,7.5,Blue,Ordinary,50.0,54,54,66,56,40
Brionne,7,Water,0.6,17.5,Blue,Ordinary,60.0,69,69,91,81,50
Primarina,7,Water,1.8,44.0,Blue,Ordinary,80.0,j74,74,126,116,j60
Pikipek,7,Normal,0.3,1.2,Black,Ordinary,35.0,75,30,30,30,65
Trumbeak,7,Normal,0.6,14.8,Black,Ordinary,55.0,85,50,40,50,75
Toucannon,7,Normal,1.1,26.0,Black,Ordinary,80.0,120,75,75,75,60
Yungoos,7,Normal,0.4,6.0,Brown,Ordinary,48.0,70,30,30,30,45
Gumshoos,7,Normal,0.7,14.2,Brown,Ordinary,88.0,110,60,55,60,45
Grubbin,7,Bug,0.4,4.4,Gray,Ordinary,47.0,62,45,55,45,46
Charjabug,7,Bug,0.5,10.5,Green,Ordinary,57.0,82,95,55,75,36
Vikavolt,7,Bug,1.5,45.0,Blue,Ordinary,77.0,70,90,145,75,43
Crabrawler,7,Fighting,0.6,7.0,Purple,Ordinary,47.0,82,57,42,47,63
Crabominable,7,Fighting,1.7,180.0,White,Ordinary,97.0,132,77,62,67,43
Oricorio Baile Style,7,Fire,0.6,3.4,Red,Ordinary,75.0,70,70,98,70,93
Oricorio Pom-Pom Style,7,Electric,0.6,3.4,Yellow,Ordinary,75.0,7j0,70,98,70,93j
Oricorio Pa'u Style,7,Psychic,0.6,3.4,Pink,Ordinary,75.0,70,70,98,70,93
Oricorio Sensu Style,7,Ghost,0.6,3.4,Purple,Ordinary,,70,70,98,70,93
Cutiefly,7,Bug,0.1,0.2,Yellow,Ordinary,40.0,45,40,55,40,84
Ribombee,7,Bug,0.2,0.5,Yellow,Ordinary,60.0,55,60,95,70,124
Rockruff,7,Rock,0.5,9.2,Brown,Ordinary,45.0,65,40,30,40,60
Lycanroc Midday Form,7,Rock,0.8,25.0,Brown,Ordinary,75.0,115,65,55,65,112
Lycanroc Midnight Form,7,Rock,1.1,25.0,Red,Ordinary,85.0,115,75,55,75,82
Lycanroc Dusk Form,7,Rock,0.8,25.0,Brown,Ordinary,75.0,117,65,55,65,110
Wishiwashi Solo Form,7,Water,0.2,0.3,Blue,Ordinary,45.0,20,20,25,25,40
Wishiwashi School Form,7,Water,8.2,78.6,Blue,,45.0,140,130,140,135,30
Mareanie,7,Poison,0.4,8.0,Blue,Ordinary,50.0,53,62,43,52,45
Toxapex,7,Poison,0.7,14.5,Blue,Ordinary,,63,152,53,142,35
Mudbray,7,Ground,1.0,110.0,Brown,Ordinary,70.0,100,70,45,55,45
Mudsdale,7,Ground,2.5,920.0,Brown,Ordinary,100.0,125,100,55,85,35
Dewpider,7,Water,0.3,4.0,Green,Ordinary,38.0,40,52,40,72,27
Araquanid,7,Water,1.8,82.0,Green,Ordinary,68.0,70,92,50,132,42
Fomantis,7,Grass,0.3,1.5,Pink,Ordinary,40.0,55,35,50,35,35
Lurantis,7,Grass,0.9,18.5,Pink,Ordinary,70.0,105,90,80,90,45
Morelull,7,Grass,0.2,1.5,Purple,Ordinary,40.0,35,55,65,75,15
Shiinotic,7,Grass,1.0,11.5,Purple,Ordinary,60.0,45,80,90,100,30
Salandit,7,Poison,0.6,4.8,Black,Ordinary,48.0,44,40,71,40,77
Salazzle,7,Poison,1.2,22.2,Black,Ordinary,68.0,64,60,111,60,117
Stufful,7,Normal,0.5,6.8,Pink,Ordinary,70.0,75,50,45,50,50
Bewear,7,Normal,2.1,135.0,Pink,Ordinary,120.0,125,80,55,60,60
Bounsweet,7,Grass,0.3,3.2,Purple,Ordinary,42.0,30,38,30,38,32
Steenee,7,Grass,0.7,8.2,Purple,Ordinary,52.0,40,48,40,48,62
Tsareena,7,Grass,1.2,21.4,Purple,Ordinary,72.0,120,98,50,98,72
Comfey,7,Fairy,0.1,0.3,Green,Ordinary,51.0,52,90,82,110,100
Oranguru,7,Normal,1.5,76.0,White,Ordinary,90.0,60,80,90,110,60
Passimian,7,Fighting,2.0,82.8,White,Ordinary,100.0,120,90,40,60,80
Wimpod,7,Bug,0.5,12.0,Gray,Ordinary,25.0,35,40,20,30,80
Golisopod,7,Bug,2.0,108.0,Gray,Ordinary,75.0,125,140,60,90,40
Sandygast,7,Ghost,0.5,70.0,Brown,Ordinary,55.0,55,80,70,45,15
Palossand,7,Ghost,1.3,250.0,Brown,Ordinary,,75,110,100,75,35
Pyukumuku,7,Water,0.3,1.2,Black,Ordinary,55.0,60,130,30,130,5
Type: Null,7,Normal,1.9,120.5,Gray,Semi-Legendary,95.0,95,95,95,95,59
Silvally,7,Normal,2.3,100.5,Gray,Semi-Legendary,95.0,95,95,95,95,95
Minior Meteor Form,7,Rock,0.3,40.0,Brown,Ordinary,60.0,60,100,60,100,60
Minior Red Core,7,Rock,0.3,0.3,Red,Ordinary,60.0,100,60,100,60,120
Minior Orange Core,7,Rock,0.3,0.3,Red,Ordinary,60.0,100,60,100,60,120
Minior Yellow Core,7,Rock,0.3,0.3,Yellow,Ordinary,60.0,100,60,100,60,120
Minior Green Core,7,Rock,0.3,0.3,Green,Ordinary,60.0,100,60,100,60,120
Minior Blue Core,7,Rock,0.3,0.3,Blue,Ordinary,60.0,100,60,100,60,120
Minior Indigo Core,7,Rock,0.3,0.3,Blue,Ordinary,60.0,100,60,100,60,120
Minior Purple Core,7,Rock,0.3,0.3,Purple,,60.0,100,60,100,60,120
Komala,7,Normal,0.4,19.9,Blue,Ordinary,65.0,115,65,75,95,65
Turtonator,7,Fire,2.0,212.0,Red,Ordinary,60.0,78,135,91,85,36
Togedemaru,7,Electric,0.3,3.3,Gray,Ordinary,65.0,98,63,40,73,96
Mimikyu,7,Ghost,0.2,0.7,Yellow,Ordinary,55.0,90,80,50,105,96
Bruxish,7,Water,0.9,19.0,Pink,Ordinary,68.0,105,70,70,70,92
Drampa,7,Normal,3.0,185.0,White,,78.0,60,85,135,91,36
Dhelmise,7,Ghost,3.9,210.0,Green,Ordinary,70.0,131,100,86,90,40
Jangmo-o,7,Dragon,0.6,29.7,Gray,Ordinary,45.0,55,65,45,45,45
Hakamo-o,7,Dragon,1.2,47.0,Gray,Ordinary,55.0,75,90,65,70,65
Kommo-o,7,Dragon,1.6,78.2,Gray,Ordinary,75.0,110,125,100,105,85
Tapu Koko,7,Electric,1.8,20.5,Yellow,Semi-Legendary,70.0,115,85,95,75,130
Tapu Lele,7,Psychic,1.2,18.6,Pink,Semi-Legendary,70.0,85,75,130,115,95
Tapu Bulu,7,Grass,1.9,45.5,Red,Semi-Legendary,70.0,130,115,85,95,75
Tapu Fini,7,Water,1.3,21.2,Purple,Semi-Legendary,70.0,75,115,95,130,85
Cosmog,7,Psychic,0.2,0.1,Blue,Legendary,43.0,29,31,29,31,37
Cosmoem,7,Psychic,0.1,999.9,Blue,Legendary,43.0,29,131,29,131,37
Solgaleo,7,Psychic,3.4,230.0,White,Legendary,137.0,137,107,113,89,97
Lunala,7,Psychic,4.0,120.0,Purple,Legendary,137.0,113,89,137,107,97
Nihilego,7,Rock,1.2,55.5,White,Semi-Legendary,109.0,53,47,127,131,103
Buzzwole,7,Bug,2.4,333.6,Red,Semi-Legendary,107.0,139,139,53,53,79
Pheromosa,7,Bug,1.8,25.0,White,Semi-Legendary,71.0,137,37,137,37,151
Xurkitree,7,Electric,3.8,100.0,Black,Semi-Legendary,83.0,89,71,173,71,83
Celesteela,7,Steel,9.2,999.9,Green,Semi-Legendary,97.0,101,103,107,101,61
Kartana,7,Grass,0.3,0.1,White,Semi-Legendary,59.0,181,131,59,31,109
Guzzlord,7,Dark,5.5,888.0,Black,Semi-Legendary,223.0,101,53,97,53,43
Necrozma,7,Psychic,2.4,230.0,Black,Legendary,97.0,107,101,127,89,79
Dusk Mane Necrozma,7,Psychic,3.8,460.0,Yellow,Legendary,97.0,157,127,113,109,77
Dawn Wings Necrozma,7,Psychic,4.2,350.0,Blue,Legendary,97.0,113,109,157,127,77
Ultra Necrozma,7,Psychic,7.5,230.0,Yellow,Legendary,97.0,167,97,167,97,129
Magearna,7,Steel,1.0,80.5,Gray,Mythical,80.0,95,115,130,115,65
Marshadow,7,Fighting,0.7,22.2,Gray,Mythical,90.0,125,80,90,90,125
Poipole,7,Poison,0.6,1.8,Purple,Semi-Legendary,67.0,73,67,73,67,73
Naganadel,7,Poison,3.6,150.0,Purple,Semi-Legendary,73.0,73,73,127,73,121
Stakataka,7,Rock,5.5,820.0,Gray,Semi-Legendary,61.0,131,211,53,101,13
Blacephalon,7,Fire,1.8,13.0,White,Semi-Legendary,53.0,127,53,151,79,107
Zeraora,7,Electric,1.5,44.5,Yellow,Mythical,88.0,112,75,102,80,143
Meltan,7,Steel,0.2,8.0,Gray,Mythical,46.0,65,65,55,35,34
Melmetal,7,Steel,2.5,800.0,Gray,Mythical,135.0,143,143,80,65,34
Grookey,8,Grass,0.3,5.0,Green,Ordinary,50.0,65,50,40,40,65
Thwackey,8,Grass,0.7,14.0,Green,Ordinary,70.0,85,70,55,60,80
Rillaboom,8,Grass,2.1,90.0,Green,Ordinary,100.0,125,90,60,70,85
Scorbunny,8,Fire,0.3,4.5,White,Ordinary,50.0,71,40,40,40,69
Raboot,8,Fire,0.6,9.0,Gray,Ordinary,65.0,j86,60,55,60,j94
Cinderace,8,Fire,1.4,33.0,White,Ordinary,80.0,116,75,65,75,119
Sobble,8,Water,0.3,4.0,Blue,Ordinary,50.0,40,40,70,40,70
Drizzile,8,Water,0.7,11.5,Blue,Ordinary,65.0,60,55,95,55,90
Inteleon,8,Water,1.9,45.2,Blue,Ordinary,70.0,85,65,125,65,120
Skwovet,8,Normal,0.3,2.5,Brown,Ordinary,70.0,55,55,35,35,25
Greedent,8,Normal,0.6,6.0,Brown,Ordinary,120.0,95,95,55,75,20
Rookidee,8,Flying,0.2,1.8,Blue,Ordinary,38.0,47,35,33,35,57
Corvisquire,8,Flying,0.8,16.0,Blue,Ordinary,68.0,67,55,43,55,77
Corviknight,8,Flying,2.2,75.0,Purple,Ordinary,98.0,87,105,53,85,67
Blipbug,8,Bug,0.4,8.0,Blue,Ordinary,25.0,20,20,25,45,45
Dottler,8,Bug,0.4,19.5,Yellow,Ordinary,50.0,35,80,50,90,30
Orbeetle,8,Bug,0.4,40.8,Red,Ordinary,60.0,45,110,80,120,90
Nickit,8,Dark,0.6,8.9,Brown,Ordinary,40.0,28,28,47,52,50
Thievul,8,Dark,1.2,19.9,Brown,Ordinary,70.0,58,58,87,92,90
Gossifleur,8,Grass,0.4,2.2,Green,Ordinary,40.0,40,60,40,60,10
Eldegoss,8,Grass,0.5,2.5,Green,Ordinary,60.0,50,90,80,120,60
Wooloo,8,Normal,0.6,6.0,White,Ordinary,42.0,40,55,40,45,48
Dubwool,8,Normal,1.3,43.0,White,Ordinary,72.0,80,100,60,90,88
Chewtle,8,Water,0.3,8.5,Green,Ordinary,50.0,64,50,38,38,44
Drednaw,8,Water,1.0,115.5,Green,Ordinary,90.0,115,90,48,68,74
Yamper,8,Electric,0.3,13.5,Yellow,Ordinary,59.0,45,50,40,50,26
Boltund,8,Electric,1.0,34.0,Yellow,Ordinary,69.0,90,60,90,60,121
Rolycoly,8,Rock,0.3,12.0,Black,Ordinary,30.0,40,50,40,50,30
Carkol,8,Rock,1.1,78.0,Black,Ordinary,80.0,60,90,60,70,50
Coalossal,8,Rock,2.8,310.5,Black,Ordinary,110.0,80,120,80,90,30
Applin,8,Grass,0.2,0.5,Green,Ordinary,40.0,40,80,40,40,20
Flapple,8,Grass,0.3,1.0,Green,Ordinary,70.0,110,80,95,60,70
Appletun,8,Grass,0.4,13.0,Green,Ordinary,110.0,85,80,100,80,30
Silicobra,8,Ground,2.2,7.6,Green,Ordinary,52.0,57,75,35,50,46
Sandaconda,8,Ground,3.8,65.5,Green,Ordinary,72.0,107,125,65,70,71
Cramorant,8,Flying,0.8,18.0,Blue,Ordinary,70.0,85,55,85,95,85
Arrokuda,8,Water,0.5,1.0,Brown,Ordinary,41.0,63,40,40,30,66
Barraskewda,8,Water,1.3,30.0,Brown,Ordinary,61.0,123,60,60,50,136
Toxel,8,Electric,0.4,11.0,Purple,Ordinary,40.0,38,35,54,35,40
Toxtricity Amped Form,8,Electric,1.6,40.0,Purple,Ordinary,75.0,98,70,114,70,75
Toxtricity Low-Key Form,8,Electric,1.6,40.0,Purple,Ordinary,75.0,98,70,114,70,75
Sizzlipede,8,Fire,0.7,1.0,Red,Ordinary,50.0,65,45,50,50,45
Centiskorch,8,Fire,3.0,120.0,Red,Ordinary,100.0,115,65,90,90,65
Clobbopus,8,Fighting,0.6,4.0,Brown,Ordinary,50.0,68,60,50,50,32
Grapploct,8,Fighting,1.6,39.0,Blue,Ordinary,80.0,118,90,70,80,42
Sinistea,8,Ghost,0.1,0.2,Purple,Ordinary,40.0,45,45,74,54,50
Polteageist,8,Ghost,0.2,0.4,Purple,Ordinary,60.0,65,65,134,114,70
Hatenna,8,Psychic,0.4,3.4,Pink,Ordinary,42.0,30,45,56,53,39
Hattrem,8,Psychic,0.6,4.8,Pink,Ordinary,57.0,40,65,86,73,49
Hatterene,8,Psychic,2.1,5.1,Pink,Ordinary,57.0,90,95,136,103,29
Impidimp,8,Dark,0.4,5.5,Pink,Ordinary,45.0,45,30,55,40,50
Morgrem,8,Dark,0.8,12.5,Pink,Ordinary,65.0,60,45,75,55,70
Grimmsnarl,8,Dark,1.5,61.0,Purple,Ordinary,95.0,120,65,95,75,60
Obstagoon,8,Dark,1.6,46.0,Gray,Ordinary,93.0,90,101,60,81,95
Perrserker,8,Steel,0.8,28.0,Brown,Ordinary,70.0,110,100,50,60,50
Cursola,8,Ghost,1.0,0.4,White,Ordinary,60.0,95,50,145,130,30
Sirfetch'd,8,Fighting,0.8,117.0,White,Ordinary,62.0,135,95,68,82,65
Mr. Rime,8,Ice,1.5,58.2,Purple,Ordinary,80.0,85,75,110,100,70
Runerigus,8,Ground,1.6,66.6,Gray,Ordinary,58.0,95,145,50,105,30
Milcery,8,Fairy,0.2,0.3,White,Ordinary,45.0,40,40,50,61,34
Alcremie,8,Fairy,0.3,0.5,White,Ordinary,65.0,60,75,110,121,64
Falinks,8,Fighting,3.0,62.0,Yellow,Ordinary,65.0,100,100,70,60,75
Pincurchin,8,Electric,0.3,1.0,Purple,Ordinary,48.0,101,95,91,85,15
Snom,8,Ice,0.3,3.8,White,Ordinary,30.0,25,35,45,30,20
Frosmoth,8,Ice,1.3,42.0,White,Ordinary,70.0,65j,60,125,90,j65
Stonjourner,8,Rock,2.5,520.0,Gray,Ordinary,100.0,125,135,20,20,70
Eiscue Ice Face,8,Ice,1.4,89.0,Blue,Ordinary,75.0,80,110,65,90,50
Eiscue Noice Face,8,Ice,1.4,89.0,Blue,Ordinary,75.0,80,70,65,50,130
Indeedee Male,8,Psychic,0.9,28.0,Purple,Ordinary,60.0,65,55,105,95,95
Indeedee Female,8,Psychic,0.9,28.0,Purple,Ordinary,70.0,55,65,95,105,85
Morpeko Full Berry Mode,8,Electric,0.3,3.0,Yellow,Ordinary,58.0,95,58,70,58,97
Morpeko Hangry Mode,8,Electric,0.3,3.0,Purple,Ordinary,58.0,95,58,70,58,97
Cufant,8,Steel,1.2,100.0,Yellow,Ordinary,72.0,80,49,40,49,40
Copperajah,8,Steel,3.0,650.0,Green,Ordinary,122.0,130,69,80,69,30
Dracozolt,8,Electric,1.8,190.0,Green,Ordinary,90.0,100,90,80,70,75
Arctozolt,8,Electric,2.3,150.0,Blue,Ordinary,90.0,100,90,90,80,55
Dracovish,8,Water,2.3,215.0,Green,Ordinary,90.0,90,100,70,80,75
Arctovish,8,Water,2.0,175.0,Blue,Ordinary,90.0,90,100,80,90,55
Duraludon,8,Steel,1.8,40.0,White,,70.0,95,115,120,50,85
Dreepy,8,Dragon,0.5,2.0,Green,Ordinary,28.0,60,30,40,30,82
Drakloak,8,Dragon,1.4,11.0,Green,Ordinary,68.0,80,50,60,50,102
Dragapult,8,Dragon,3.0,50.0,Green,Ordinary,88.0,120,75,100,75,142
Zacian Hero of Many Battles,8,Fairy,2.8,110.0,Blue,Legendary,92.0,120,115,80,115,138
Zacian Crowned Sword,8,Fairy,2.8,355.0,Blue,Legendary,92.0,150,115,80,115,148
Zamazenta Hero of Many Battles,8,Fighting,2.9,210.0,Red,Legendary,92.0,120,115,80,115,138
Zamazenta Crowned Shield,8,Fighting,2.9,785.0,Red,Legendary,92.0,120,140,80,140,128
Eternatus,8,Poison,20.0,950.0,Purple,Legendary,140.0,85,95,145,95,130
Eternamax Eternatus,8,Poison,100.0,0.0,Purple,Legendary,255.0,115,250,125,250,130
Kubfu,8,Fighting,0.6,12.0,Gray,Semi-Legendary,60.0,90,60,53,50,72
Urshifu Single Strike Style,8,Fighting,1.9,105.0,Gray,Semi-Legendary,100.0,130,100,63,60,97
Urshifu Rapid Strike Style,8,Fighting,1.9,105.0,Gray,Semi-Legendary,100.0,130,100,63,60,97
Zarude,8,Dark,1.8,70.0,Green,Mythical,105.0,120,105,70,95,105
Regieleki,8,Electric,1.2,145.0,Yellow,Semi-Legendary,80.0,100,50,100,50,200
Regidrago,8,Dragon,2.1,200.0,Green,Semi-Legendary,200.0,100,50,100,50,80
Glastrier,8,Ice,2.2,800.0,White,Semi-Legendary,100.0,145,130,65,110,30
Spectrier,8,Ghost,2.0,44.5,Black,Semi-Legendary,100.0,65,60,145,80,130
Calyrex,8,Psychic,1.1,7.7,Green,Legendary,100.0,80,80,80,80,80
Calyrex Ice Rider,8,Psychic,2.4,809.1,White,Legendary,100.0,165,150,85,130,50
Calyrex Shadow Rider,8,Psychic,2.4,53.6,Black,Legendary,100.0,85,80,165,100,150
Wyrdeer,8,Normal,1.8,95.1,White,Ordinary,103.0,105,72,105,75,65
Kleavor,8,Bug,1.8,89.0,Brown,Ordinary,70.0,13j0,95,45,75,j85
Ursaluna,8,Ground,2.4,290.0,Brown,Ordinary,130.0,140,105,45,80,50
Basculegion Male,8,Water,3.0,110.0,Green,Ordinary,120.0,112,65,80,75,78
Basculegion Felame,8,Water,3.0,110.0,Green,Ordinary,120.0,92,65,100,75,78
Sneasler,8,Fighting,1.3,43.0,Purple,Ordinary,80.0,130,60,40,80,120
Overqwil,8,Dark,2.5,60.5,Gray,Ordinary,85.0,115,95,65,65,85
Enamorus Incarnate Style,8,Fairy,1.6,48.0,Pink,Semi-Legendary,74.0,115,70,135,80,106
Enamorus Therian Style,8,Fairy,1.6,48.0,Pink,Semi-Legendary,74.0,115,110,135,100,46
Sprigatito,9,Grass,0.4,4.1,Green,Ordinary,40.0,61,54,45,45,65
Floragato,9,Grass,0.9,12.2,Green,Ordinary,61.0,80,63,60,63,83
Meowscarada,9,Grass,1.5,31.2,Green,Ordinary,76.0,110,70,81,70,123
Fuecoco,9,Fire,0.4,9.8,Red,Ordinary,67.0,45,59,63,40,36
Crocalor,9,Fire,1.0,30.7,Red,Ordinary,81.0,55,78,90,58,49
Skeledirge,9,Fire,1.6,326.5,Red,Ordinary,104.0,75,100,110,75,66
Quaxly,9,Water,0.5,6.1,Blue,Ordinary,55.0,65j,45,50,45,j50
Quaxwell,9,Water,1.2,21.5,Blue,Ordinary,70.0,85,65,65,60,65
Quaquaval,9,Water,1.8,61.9,Blue,Ordinary,85.0,120,80,85,75,85
Lechonk,9,Normal,0.5,10.2,Gray,Ordinary,54.0,45j,40,35,45,35j
Oinkologne,9,Normal,1.0,120.0,Gray,Ordinary,110.0,100,75,59,80,65
Oinkologne,9,Normal,1.0,120.0,Brown,Ordinary,115.0,90,70,59,90,65
Tarountula,9,Bug,0.3,4.0,White,Ordinary,35.0,j41,45,29,40,20j
Spidops,9,Bug,1.0,16.5,Green,Ordinary,60.0,79,92,52,86,35
Nymble,9,Bug,0.2,1.0,Gray,Ordinary,33.0,46,40,21,25,45
Lokix,9,Bug,1.0,17.5,Gray,Ordinary,71.0,102,78,52,55,92
Pawmi,9,Electric,0.3,2.5,Yellow,Ordinary,45.0,50,20,40,25,60
Pawmo,9,Electric,0.4,6.5,Yellow,Ordinary,60.0,75,40,50,40,85
Pawmot,9,Electric,0.9,41.0,Yellow,Ordinary,70.0,115,70,70,60,105
Tandemaus,9,Normal,0.3,1.8,White,Ordinary,50.0,50,45,40,45,75
Maushold Family of Three,9,Normal,0.3,2.3,White,Ordinary,74.0,75,70,65,75,111
Maushold Family of Four,9,Normal,0.3,2.8,White,Ordinary,74.0,75,70,65,75,111
Fidough,9,Fairy,0.3,10.9,Yellow,Ordinary,37.0,55,70,30,55,65
Dachsbun,9,Fairy,0.5,14.9,Brown,Ordinary,57.0,80,115,50,80,95
Smoliv,9,Grass,0.3,6.5,Green,Ordinary,41.0,35,45,58,51,30
Dolliv,9,Grass,0.6,11.9,Green,Ordinary,52.0,53,60,78,78,33
Arboliva,9,Grass,1.4,48.2,Green,Ordinary,78.0,69,90,125,109,39
Squawkabilly Green Plumage,9,Normal,0.6,2.4,Green,Ordinary,82.0,96,51,45,51,92
Squawkabilly Blue Plumage,9,Normal,0.6,2.4,Green,Ordinary,82.0,96,51,45,51,92
Squawkabilly Yellow Plumage,9,Normal,0.6,2.4,Green,Ordinary,82.0,j96,51,45,51,j92
Squawkabilly White Plumage,9,Normal,0.6,2.4,Green,Ordinary,82.0,96,51,45,51,92
Nacli,9,Rock,0.4,16.0,Brown,Ordinary,55.0,55,75,35,35,25
Naclstack,9,Rock,0.6,105.0,Brown,Ordinary,60.0,60,100,35,65,35
Garganacl,9,Rock,2.3,240.0,Brown,Ordinary,100.0,100,130,45,90,35
Charcadet,9,Fire,0.6,10.5,Red,Ordinary,40.0,50,40,50,40,35
Armarouge,9,Fire,1.5,85.0,Red,Ordinary,85.0,60,100,125,80,75
Ceruledge,9,Fire,1.6,62.0,Blue,Ordinary,75.0,125,80,60,100,85
Tadbulb,9,Electric,0.3,0.4,Yellow,Ordinary,61.0,31,41,59,35,45
Bellibolt,9,Electric,1.2,113.0,Green,Ordinary,109.0,64,91,103,83,45
Wattrel,9,Electric,0.4,3.6,Black,Ordinary,40.0,40,35,55,40,70
Kilowattrel,9,Electric,1.4,38.6,Yellow,Ordinary,70.0,70,60,105,60,125
Maschiff,9,Dark,0.5,16.0,Brown,Ordinary,60.0,78,60,40,51,51
Mabosstiff,9,Dark,1.1,61.0,Gray,Ordinary,80.0,120,90,60,70,85
Shroodle,9,Poison,0.2,0.7,Gray,Ordinary,40.0,65,35,40,35,75
Grafaiai,9,Poison,0.7,27.2,Gray,Ordinary,63.0,95,65,80,72,110
Bramblin,9,Grass,0.6,0.6,Brown,Ordinary,,65,30,45,35,60
Brambleghast,9,Grass,1.2,6.0,Brown,Ordinary,55.0,115,70,80,70,90
Toedscool,9,Ground,0.9,33.0,Yellow,Ordinary,40.0,40,35,50,100,70
Toedscruel,9,Ground,1.9,58.0,Black,Ordinary,80.0,70,65,80,120,100
Klawf,9,Rock,1.3,79.0,Red,Ordinary,70.0,j100,115,35,55,7j5
Capsakid,9,Grass,0.3,3.0,Green,Ordinary,50.0,62,40,62,40,50
Scovillain,9,Grass,0.9,15.0,Green,Ordinary,65.0,108,65,108,65,75
Rellor,9,Bug,0.2,1.0,Brown,Ordinary,41.0,50,60,31,58,30
Rabsca,9,Bug,0.3,3.5,Green,Ordinary,75.0,5j0,85,115,100,j45
Flittle,9,Psychic,0.2,1.5,Yellow,Ordinary,30.0,35,30,55,30,75
Espathra,9,Psychic,1.9,90.0,Yellow,Ordinary,95.0,60,60,101,60,105
Tinkatink,9,Fairy,0.4,8.9,Pink,Ordinary,50.0,4j5,45,35,64,5j8
Tinkatuff,9,Fairy,0.7,59.1,Pink,Ordinary,65.0,55,55,45,82,78
Tinkaton,9,Fairy,0.7,112.8,Pink,Ordinary,85.0,75,77,70,105,94
Wiglett,9,Water,1.2,1.8,White,Ordinary,10.0,55,25,35,25,95
Wugtrio,9,Water,1.2,5.4,Red,,35.0,100,50,50,70,120
Bombirdier,9,Flying,1.5,42.9,White,Ordinary,70.0,103,85,60,85,82
Finizen,9,Water,1.3,60.2,Blue,Ordinary,70.0,45,40,45,40,75
Palafin Zero Form,9,Water,1.3,60.2,Blue,Ordinary,100.0,70,72,53,62,100
Palafin Hero Form,9,Water,1.8,97.4,Blue,Ordinary,100.0,160,97,106,87,100
Varoom,9,Steel,1.0,35.0,Gray,Ordinary,45.0,70,63,30,45,47
Revavroom,9,Steel,1.8,120.0,Gray,Ordinary,80.0,119,90,54,67,90
Cyclizar,9,Dragon,1.6,63.0,Green,Ordinary,70.0,95,65,85,65,121
Orthworm,9,Steel,2.5,310.0,Pink,Ordinary,70.0,85,145,60,55,65
Glimmet,9,Rock,0.7,8.0,Blue,Ordinary,48.0,35,42,105,60,60
Glimmora,9,Rock,1.5,45.0,Blue,Ordinary,83.0,55,90,130,81,86
Greavard,9,Ghost,0.6,35.0,White,Ordinary,50.0,61,60,30,55,34
Houndstone,9,Ghost,2.0,15.0,White,Ordinary,72.0,101,100,50,97,68
Flamigo,9,Flying,1.6,37.0,Pink,Ordinary,82.0,115,74,75,64,90
Cetoddle,9,Ice,1.2,45.0,White,Ordinary,108.0,68,45,30,40,43
Cetitan,9,Ice,4.5,700.0,White,Ordinary,170.0,113,65,45,55,73
Veluza,9,Water,2.5,90.0,Gray,Ordinary,90.0,102,73,78,65,70
Dondozo,9,Water,12.0,220.0,Blue,Ordinary,150.0,100,115,65,65,35
Tatsugiri Curly Form,9,Dragon,0.3,8.0,Pink,Ordinary,68.0,50,60,120,95,82
Tatsugiri Droopy Form,9,Dragon,0.3,8.0,Red,Ordinary,68.0,50,60,120,95,82
Tatsugiri Stretchy Form,9,Dragon,0.3,8.0,Yellow,Ordinary,68.0,50,60,120,95,82
Annihilape,9,Fighting,1.2,56.0,Gray,Ordinary,110.0,115,80,50,90,90
Clodsire,9,Poison,1.8,223.0,Brown,Ordinary,130.0,75,60,45,100,20
Farigiraf,9,Normal,3.2,160.0,Brown,Ordinary,120.0,90,70,110,70,60
Dudunsparce Two-Segment Form,9,Normal,3.6,39.2,Yellow,Ordinary,125.0,100,80,85,75,55
Dudunsparce Three-Segment Form,9,Normal,4.5,47.4,Yellow,Ordinary,125.0,100,80,85,75,55
Kingambit,9,Dark,2.0,120.0,Black,Ordinary,100.0,135,120,60,85,50
Great Tusk,9,Ground,2.2,320.0,Purple,Semi-Legendary,115.0,131,131,53,53,87
Scream Tail,9,Fairy,1.2,8.0,Pink,Semi-Legendary,115.0,65,99,65,115,111
Brute Bonnet,9,Grass,1.2,21.0,Gray,Semi-Legendary,111.0,127,99,79,99,55
Flutter Mane,9,Ghost,1.4,4.0,Gray,Semi-Legendary,55.0,55,55,135,135,135
Slither Wing,9,Bug,3.2,92.0,Red,Semi-Legendary,85.0,135,79,85,105,81
Sandy Shocks,9,Electric,2.3,60.0,Gray,Semi-Legendary,85.0,81,97,121,85,101
Iron Treads,9,Ground,0.9,240.0,Gray,Semi-Legendary,90.0,112,120,72,70,106
Iron Bundle,9,Ice,0.6,11.0,Red,Semi-Legendary,56.0,80,114,124,60,136
Iron Hands,9,Fighting,1.8,380.7,Gray,Semi-Legendary,154.0,140,108,50,68,50
Iron Jugulis,9,Dark,1.3,111.0,Blue,Semi-Legendary,94.0,80,86,122,80,108
Iron Moth,9,Fire,1.2,36.0,Yellow,Semi-Legendary,80.0,70,60,140,110,110
Iron Thorns,9,Rock,1.6,303.0,Green,Semi-Legendary,100.0,134,110,70,84,72
Frigibax,9,Dragon,0.5,17.0,Gray,Ordinary,65.0,75,45,35,45,55
Arctibax,9,Dragon,0.8,30.0,Gray,Ordinary,90.0,95,66,45,65,62
Baxcalibur,9,Dragon,2.1,210.0,Gray,,,145,92,75,86,87
Gimmighoul Chest Form,9,Ghost,0.3,5.0,Brown,Ordinary,,30,70,75,70,10
Gimmighoul Roaming Form,9,Ghost,0.1,0.1,Blue,Ordinary,45.0,30,25,75,45,80
Gholdengo,9,Steel,1.2,30.0,Yellow,Ordinary,87.0,60,95,133,91,84
Wo-Chien,9,Dark,1.5,74.2,Brown,Semi-Legendary,85.0,85,100,95,135,70
Chien-Pao,9,Dark,1.9,152.2,White,Semi-Legendary,80.0,120,80,90,65,135
Ting-Lu,9,Dark,2.7,699.7,Brown,Semi-Legendary,,110,125,55,80,45
Chi-Yu,9,Dark,0.4,4.9,Red,Semi-Legendary,55.0,80,80,135,120,100
Roaring Moon,9,Dragon,2.0,380.0,Green,Semi-Legendary,105.0,139,71,55,101,119
Iron Valiant,9,Fairy,1.4,35.0,White,Semi-Legendary,74.0,130,90,120,60,116
Koraidon,9,Fighting,2.5,303.0,Red,Legendary,100.0,135,115,85,100,135
Miraidon,9,Electric,3.5,240.0,Blue,Legendary,100.0,85,100,135,115,135
Walking Wake,9,Water,3.5,280.0,Blue,Semi-Legendary,99.0,83,91,125,83,109
Iron Leaves,9,Grass,1.5,125.0,Green,Semi-Legendary,90.0,130,88,70,108,104
